timestamp,np15_lmp,sp15_lmp,solar_mw,hub_avg_lmp
2025-01-01 08:00:00+00:00,42.15472,41.35992,0.0,41.75732
2025-01-01 09:00:00+00:00,42.20734,41.38941,0.0,41.798375
2025-01-01 10:00:00+00:00,41.85056,41.17314,0.0,41.511849999999995
2025-01-01 11:00:00+00:00,41.39496,40.83716,0.0,41.11606
2025-01-01 12:00:00+00:00,42.16713,41.51501,0.0,41.84107
2025-01-01 13:00:00+00:00,42.18,41.66169,0.0,41.920845
2025-01-01 14:00:00+00:00,42.43256,42.02276,0.0,42.22766
2025-01-01 15:00:00+00:00,38.18,38.48371,2182.05662,38.331855000000004
2025-01-01 16:00:00+00:00,31.77,26.36094,8032.90815,29.065469999999998
2025-01-01 17:00:00+00:00,31.87223,22.95627,11175.24065,27.41425
2025-01-01 18:00:00+00:00,30.50089,22.50321,11562.31645,26.502049999999997
2025-01-01 19:00:00+00:00,27.46248,21.37186,11270.25235,24.41717
2025-01-01 20:00:00+00:00,24.94401,19.94409,11195.24775,22.444049999999997
2025-01-01 21:00:00+00:00,23.28458,19.95329,11150.90085,21.618935
2025-01-01 22:00:00+00:00,28.06569,21.23309,9745.25892,24.64939
2025-01-01 23:00:00+00:00,32.39461,31.87551,6840.552540000001,32.135059999999996
2025-01-02 00:00:00+00:00,46.95426,44.57175,1161.66519,45.763005
2025-01-02 01:00:00+00:00,47.02741,45.86494,178.49595,46.446175
2025-01-02 02:00:00+00:00,46.31712,45.62168,0.0,45.9694
2025-01-02 03:00:00+00:00,46.10823,45.49087,70.31730999999999,45.799549999999996
2025-01-02 04:00:00+00:00,46.10606,45.42899,0.0,45.767525
2025-01-02 05:00:00+00:00,45.56278,45.3783,0.0,45.47054
2025-01-02 06:00:00+00:00,46.09088,44.71941,0.0,45.405145000000005
2025-01-02 07:00:00+00:00,45.09415,42.05664,0.0,43.575395
2025-01-02 08:00:00+00:00,43.05436,41.56954,0.0,42.31195
2025-01-02 09:00:00+00:00,42.04656,40.65756,0.0,41.352059999999994
2025-01-02 10:00:00+00:00,40.86144,39.94135,0.0,40.401395
2025-01-02 11:00:00+00:00,40.54074,39.98044,0.0,40.26059
2025-01-02 12:00:00+00:00,43.04523,42.25891,0.0,42.652069999999995
2025-01-02 13:00:00+00:00,47.30216,46.55781,0.0,46.929985
2025-01-02 14:00:00+00:00,52.78097,52.05364,0.0,52.417305
2025-01-02 15:00:00+00:00,50.66561,47.42807,2217.34697,49.04684
2025-01-02 16:00:00+00:00,38.92342,31.5135,8793.51023,35.21846
2025-01-02 17:00:00+00:00,34.61322,27.13704,11902.4516,30.87513
2025-01-02 18:00:00+00:00,32.46675,27.24743,12150.95072,29.85709
2025-01-02 19:00:00+00:00,32.24537,27.58687,11839.058960000002,29.91612
2025-01-02 20:00:00+00:00,31.0,26.10476,11948.41829,28.55238
2025-01-02 21:00:00+00:00,28.88526,25.23852,12137.06497,27.06189
2025-01-02 22:00:00+00:00,30.69754,26.30279,11815.274610000002,28.500165000000003
2025-01-02 23:00:00+00:00,36.1678,33.18,7748.849020000001,34.6739
2025-01-03 00:00:00+00:00,47.89324,46.148,1306.37635,47.02062
2025-01-03 01:00:00+00:00,48.51429,46.543,166.56625,47.528645
2025-01-03 02:00:00+00:00,48.12516,46.31259,0.0,47.218875
2025-01-03 03:00:00+00:00,47.23462,46.0084,0.0,46.62151
2025-01-03 04:00:00+00:00,47.12023,45.79421,0.0,46.45722
2025-01-03 05:00:00+00:00,46.0422,45.26134,0.0,45.65177
2025-01-03 06:00:00+00:00,46.0031,44.75433,0.0,45.378715
2025-01-03 07:00:00+00:00,43.69754,42.85205,0.0,43.274795
2025-01-03 08:00:00+00:00,45.36549,44.72065,0.0,45.04307
2025-01-03 09:00:00+00:00,42.76993,42.31206,0.0,42.540995
2025-01-03 10:00:00+00:00,42.49404,42.26325,0.0,42.378645
2025-01-03 11:00:00+00:00,42.4662,42.37899,0.0,42.422595
2025-01-03 12:00:00+00:00,44.13404,44.03586,0.0,44.08495
2025-01-03 13:00:00+00:00,47.80737,47.85216,0.0,47.829764999999995
2025-01-03 14:00:00+00:00,51.11171,50.65723,0.0,50.88447
2025-01-03 15:00:00+00:00,53.09216,51.61281,1181.34528,52.352485
2025-01-03 16:00:00+00:00,48.59677,44.90479,4484.0640300000005,46.75078
2025-01-03 17:00:00+00:00,48.8314,40.78728,5830.84793,44.809340000000006
2025-01-03 18:00:00+00:00,44.52956,37.37201,7489.2797,40.950784999999996
2025-01-03 19:00:00+00:00,44.04707,36.94219,8854.10326,40.49463
2025-01-03 20:00:00+00:00,40.36987,34.5681,9096.83922,37.468985
2025-01-03 21:00:00+00:00,40.5,33.94147,8529.48588,37.220735000000005
2025-01-03 22:00:00+00:00,40.85452,34.36823,7632.81021,37.611374999999995
2025-01-03 23:00:00+00:00,44.20799,40.72501,4695.32489,42.466499999999996
2025-01-04 00:00:00+00:00,47.75463,46.12568,658.35961,46.940155000000004
2025-01-04 01:00:00+00:00,47.8717,46.30152,0.0,47.08660999999999
2025-01-04 02:00:00+00:00,44.93938,43.98957,0.0,44.464475
2025-01-04 03:00:00+00:00,44.09566,42.87562,0.0,43.485640000000004
2025-01-04 04:00:00+00:00,43.26677,41.55076,0.0,42.408765
2025-01-04 05:00:00+00:00,42.47052,40.45679,0.0,41.463655
2025-01-04 06:00:00+00:00,41.28732,38.17572,0.0,39.73152
2025-01-04 07:00:00+00:00,39.58113,37.07841,0.0,38.329769999999996
2025-01-04 08:00:00+00:00,38.81314,38.44694,0.0,38.630039999999994
2025-01-04 09:00:00+00:00,40.09875,37.99584,0.0,39.047295000000005
2025-01-04 10:00:00+00:00,39.54632,37.37963,0.0,38.462975
2025-01-04 11:00:00+00:00,38.20994,36.16164,0.0,37.18579
2025-01-04 12:00:00+00:00,40.2367,38.19069,0.0,39.213695
2025-01-04 13:00:00+00:00,40.47147,38.68902,0.0,39.580245
2025-01-04 14:00:00+00:00,41.25983,39.46,0.0,40.359915
2025-01-04 15:00:00+00:00,41.2266,38.63435,1636.87598,39.930475
2025-01-04 16:00:00+00:00,27.0,17.55074,7835.69772,22.275370000000002
2025-01-04 17:00:00+00:00,30.43695,9.56564,11214.09305,20.001295
2025-01-04 18:00:00+00:00,27.06465,7.90987,11513.97203,17.48726
2025-01-04 19:00:00+00:00,25.21,7.53591,11383.91936,16.372955
2025-01-04 20:00:00+00:00,22.6154,6.83087,10902.01211,14.723135000000001
2025-01-04 21:00:00+00:00,22.60141,6.30351,9908.53418,14.45246
2025-01-04 22:00:00+00:00,26.4111,9.40175,9456.99705,17.906425
2025-01-04 23:00:00+00:00,31.30163,23.92073,5226.38503,27.611179999999997
2025-01-05 00:00:00+00:00,43.5048,41.18981,719.6535600000001,42.347305000000006
2025-01-05 01:00:00+00:00,47.46456,45.24486,0.0,46.35471
2025-01-05 02:00:00+00:00,46.7664,44.44427,0.0,45.605335
2025-01-05 03:00:00+00:00,46.49229,44.68457,0.0,45.58843
2025-01-05 04:00:00+00:00,46.42673,44.28024,0.0,45.353485
2025-01-05 05:00:00+00:00,46.4006,44.10792,0.0,45.25426
2025-01-05 06:00:00+00:00,45.75888,43.22987,0.0,44.494375
2025-01-05 07:00:00+00:00,44.43373,43.17414,0.0,43.803934999999996
2025-01-05 08:00:00+00:00,42.48483,41.5467,0.0,42.015765
2025-01-05 09:00:00+00:00,42.23799,41.37937,0.0,41.80868
2025-01-05 10:00:00+00:00,41.54798,40.61402,0.0,41.081
2025-01-05 11:00:00+00:00,40.90342,40.22189,0.0,40.562655
2025-01-05 12:00:00+00:00,42.53303,41.77792,0.0,42.155474999999996
2025-01-05 13:00:00+00:00,42.59978,41.82044,0.0,42.21011
2025-01-05 14:00:00+00:00,43.87828,43.285,0.0,43.58163999999999
2025-01-05 15:00:00+00:00,42.08334,40.07282,1883.33308,41.07808
2025-01-05 16:00:00+00:00,28.17746,20.7105,7805.330989999999,24.44398
2025-01-05 17:00:00+00:00,31.44472,7.0,10868.16709,19.222360000000002
2025-01-05 18:00:00+00:00,30.16117,5.52764,11612.85237,17.844405
2025-01-05 19:00:00+00:00,26.52307,4.83713,11872.65361,15.6801
2025-01-05 20:00:00+00:00,23.22872,3.15512,11942.92994,13.19192
2025-01-05 21:00:00+00:00,20.56187,0.93233,12169.97961,10.7471
2025-01-05 22:00:00+00:00,29.89662,5.0208,11807.24726,17.45871
2025-01-05 23:00:00+00:00,33.14932,20.39885,7619.57326,26.774085
2025-01-06 00:00:00+00:00,46.67843,44.4233,1373.17245,45.550865
2025-01-06 01:00:00+00:00,48.32058,46.52151,0.0,47.421045
2025-01-06 02:00:00+00:00,46.71002,46.87011,0.0,46.790065
2025-01-06 03:00:00+00:00,48.65498,45.63335,0.0,47.144165
2025-01-06 04:00:00+00:00,48.47167,45.38959,0.0,46.93063
2025-01-06 05:00:00+00:00,48.10823,44.95082,0.0,46.529525
2025-01-06 06:00:00+00:00,47.2221,44.68353,0.0,45.952815
2025-01-06 07:00:00+00:00,45.92301,43.61399,0.0,44.7685
2025-01-06 08:00:00+00:00,43.96872,43.2671,0.0,43.617909999999995
2025-01-06 09:00:00+00:00,43.86993,42.7256,0.0,43.297765
2025-01-06 10:00:00+00:00,43.46286,42.69798,0.0,43.080420000000004
2025-01-06 11:00:00+00:00,42.22243,41.59101,0.0,41.90672
2025-01-06 12:00:00+00:00,45.0625,44.16976,0.0,44.61613
2025-01-06 13:00:00+00:00,48.30716,47.28942,0.0,47.79829
2025-01-06 14:00:00+00:00,50.19355,49.03,0.0,49.611775
2025-01-06 15:00:00+00:00,52.72287,48.71193,2095.50232,50.7174
2025-01-06 16:00:00+00:00,40.7721,28.4364,8732.78704,34.60425
2025-01-06 17:00:00+00:00,38.46232,16.74581,12029.05168,27.604065
2025-01-06 18:00:00+00:00,35.45707,14.92796,12445.22709,25.192515
2025-01-06 19:00:00+00:00,33.63952,14.05859,12090.43827,23.849055
2025-01-06 20:00:00+00:00,31.74518,12.51915,12053.25031,22.132165
2025-01-06 21:00:00+00:00,31.35149,8.25097,11913.60801,19.80123
2025-01-06 22:00:00+00:00,32.78879,7.9,10736.94455,20.344395
2025-01-06 23:00:00+00:00,37.1802,20.5084,6814.51595,28.8443
2025-01-07 00:00:00+00:00,47.53482,42.28787,1273.68249,44.911345
2025-01-07 01:00:00+00:00,49.27894,43.02606,7.577509999999999,46.1525
2025-01-07 02:00:00+00:00,49.20112,43.23685,5.04433,46.218985
2025-01-07 03:00:00+00:00,48.93256,42.74889,0.0,45.840725000000006
2025-01-07 04:00:00+00:00,48.93838,41.97044,0.0,45.45441
2025-01-07 05:00:00+00:00,48.43439,43.05998,0.0,45.747185
2025-01-07 06:00:00+00:00,46.60509,40.05246,0.0,43.328775
2025-01-07 07:00:00+00:00,45.67376,29.0,0.0,37.33688
2025-01-07 08:00:00+00:00,48.17413,46.48752,0.0,47.330825000000004
2025-01-07 09:00:00+00:00,48.9422,46.98131,0.0,47.961755
2025-01-07 10:00:00+00:00,48.0,45.55938,0.0,46.77969
2025-01-07 11:00:00+00:00,47.81192,46.29,0.0,47.05096
2025-01-07 12:00:00+00:00,49.293,47.94456,0.0,48.61878
2025-01-07 13:00:00+00:00,54.90681,52.87823,0.0,53.892520000000005
2025-01-07 14:00:00+00:00,57.05032,56.4986,0.0,56.774460000000005
2025-01-07 15:00:00+00:00,57.36779,53.58539,1130.1798,55.47659
2025-01-07 16:00:00+00:00,43.31517,30.33294,5404.42179,36.824055
2025-01-07 17:00:00+00:00,43.75147,18.7774,8673.79402,31.264435
2025-01-07 18:00:00+00:00,36.19345,16.02,9983.76787,26.106724999999997
2025-01-07 19:00:00+00:00,33.07709,14.67497,10299.68838,23.87603
2025-01-07 20:00:00+00:00,30.4905,11.53349,10741.43424,21.011995
2025-01-07 21:00:00+00:00,29.79139,7.09269,10607.23185,18.44204
2025-01-07 22:00:00+00:00,31.07835,7.5015,9303.10724,19.289925
2025-01-07 23:00:00+00:00,34.35556,21.0126,6156.57874,27.684079999999998
2025-01-08 00:00:00+00:00,52.16906,47.20621,1002.6004,49.687635
2025-01-08 01:00:00+00:00,53.45958,47.80905,0.0,50.634315
2025-01-08 02:00:00+00:00,54.26134,52.45208,0.0,53.35671
2025-01-08 03:00:00+00:00,53.33271,50.91302,0.0,52.122865000000004
2025-01-08 04:00:00+00:00,53.48526,49.65793,0.0,51.571595
2025-01-08 05:00:00+00:00,53.0456,49.67185,0.0,51.358725
2025-01-08 06:00:00+00:00,52.30093,49.40201,0.0,50.85147
2025-01-08 07:00:00+00:00,51.32135,49.14094,0.0,50.231145
2025-01-08 08:00:00+00:00,43.85876,42.85194,0.0,43.35535
2025-01-08 09:00:00+00:00,42.9751,42.15459,0.0,42.564845
2025-01-08 10:00:00+00:00,42.44666,41.94999,0.0,42.198325
2025-01-08 11:00:00+00:00,42.39955,42.00952,0.0,42.204535
2025-01-08 12:00:00+00:00,43.71071,43.13926,0.0,43.424985
2025-01-08 13:00:00+00:00,48.69043,48.0765,0.0,48.383465
2025-01-08 14:00:00+00:00,53.26673,51.95649,0.0,52.61161
2025-01-08 15:00:00+00:00,54.51975,51.84912,889.31501,53.184435
2025-01-08 16:00:00+00:00,44.80565,35.25666,4748.47085,40.031155
2025-01-08 17:00:00+00:00,38.08785,24.39431,7516.27538,31.241080000000004
2025-01-08 18:00:00+00:00,34.63434,20.24376,9819.746,27.43905
2025-01-08 19:00:00+00:00,32.68953,19.28636,10535.31848,25.987944999999996
2025-01-08 20:00:00+00:00,31.31729,16.58959,11272.85173,23.95344
2025-01-08 21:00:00+00:00,28.6496,13.8031,12043.40765,21.22635
2025-01-08 22:00:00+00:00,31.66787,16.32455,11979.89201,23.996209999999998
2025-01-08 23:00:00+00:00,40.19754,31.54545,8557.47624,35.871494999999996
2025-01-09 00:00:00+00:00,51.264,49.06066,1627.51764,50.16233
2025-01-09 01:00:00+00:00,55.22214,51.67558,33.12502,53.448859999999996
2025-01-09 02:00:00+00:00,54.93787,51.26311,0.0,53.10048999999999
2025-01-09 03:00:00+00:00,53.9293,51.11683,0.0,52.523065
2025-01-09 04:00:00+00:00,51.96898,50.7703,0.0,51.369640000000004
2025-01-09 05:00:00+00:00,51.79283,50.24172,0.0,51.017275
2025-01-09 06:00:00+00:00,49.98548,49.06344,0.0,49.524460000000005
2025-01-09 07:00:00+00:00,46.28668,45.45813,0.0,45.872405
2025-01-09 08:00:00+00:00,47.15777,46.95684,0.0,47.057305
2025-01-09 09:00:00+00:00,46.0716,45.70908,0.0,45.890339999999995
2025-01-09 10:00:00+00:00,45.44528,45.51749,0.0,45.481385
2025-01-09 11:00:00+00:00,45.72487,45.41328,0.0,45.569075
2025-01-09 12:00:00+00:00,46.89169,46.98516,0.0,46.938424999999995
2025-01-09 13:00:00+00:00,50.35874,50.2998,0.0,50.329269999999994
2025-01-09 14:00:00+00:00,57.81791,58.10832,0.0,57.963115
2025-01-09 15:00:00+00:00,57.65285,55.55131,2405.23417,56.60208
2025-01-09 16:00:00+00:00,43.22527,37.72309,9420.65936,40.474180000000004
2025-01-09 17:00:00+00:00,36.04755,22.00912,12312.60237,29.028335
2025-01-09 18:00:00+00:00,33.61797,20.28992,12623.51493,26.953944999999997
2025-01-09 19:00:00+00:00,32.13566,19.99964,12384.08622,26.06765
2025-01-09 20:00:00+00:00,29.0884,17.28611,12332.82131,23.187255
2025-01-09 21:00:00+00:00,27.84784,15.68385,12000.25308,21.765845
2025-01-09 22:00:00+00:00,30.24156,17.37154,11397.974719999998,23.80655
2025-01-09 23:00:00+00:00,38.68493,32.64797,8659.80712,35.66645
2025-01-10 00:00:00+00:00,49.48354,48.32642,2033.33632,48.904979999999995
2025-01-10 01:00:00+00:00,50.01961,49.92441,0.0,49.97201
2025-01-10 02:00:00+00:00,49.22358,49.07989,0.0,49.151735
2025-01-10 03:00:00+00:00,50.50019,48.88929,0.0,49.69474
2025-01-10 04:00:00+00:00,49.98789,48.92261,53.09626,49.45525
2025-01-10 05:00:00+00:00,48.95418,47.97683,0.0,48.465505
2025-01-10 06:00:00+00:00,48.41221,47.53812,0.0,47.975165000000004
2025-01-10 07:00:00+00:00,47.64,47.8302,0.0,47.7351
2025-01-10 08:00:00+00:00,42.56431,42.48747,0.0,42.525890000000004
2025-01-10 09:00:00+00:00,42.28899,42.06126,0.0,42.175124999999994
2025-01-10 10:00:00+00:00,42.65961,42.26251,0.0,42.46106
2025-01-10 11:00:00+00:00,42.78542,42.64117,0.0,42.713295
2025-01-10 12:00:00+00:00,42.8463,43.01454,0.0,42.93042
2025-01-10 13:00:00+00:00,45.28133,43.90906,0.0,44.595195
2025-01-10 14:00:00+00:00,50.76533,46.06851,0.0,48.416920000000005
2025-01-10 15:00:00+00:00,48.12185,43.20165,2326.57103,45.66175
2025-01-10 16:00:00+00:00,37.39442,23.49291,9539.60303,30.443664999999996
2025-01-10 17:00:00+00:00,30.39247,12.47722,12378.98314,21.434845
2025-01-10 18:00:00+00:00,28.61774,10.89315,12394.63418,19.755445
2025-01-10 19:00:00+00:00,25.61667,10.7,12057.30871,18.158335
2025-01-10 20:00:00+00:00,24.00162,9.97092,12085.424629999998,16.986269999999998
2025-01-10 21:00:00+00:00,23.72571,7.84,11851.73659,15.782855
2025-01-10 22:00:00+00:00,25.48097,8.7844,11291.44816,17.132685
2025-01-10 23:00:00+00:00,30.91305,17.74029,8479.07317,24.32667
2025-01-11 00:00:00+00:00,43.55745,38.77999,1821.0048,41.16872
2025-01-11 01:00:00+00:00,45.74916,43.84441,42.231930000000006,44.796785
2025-01-11 02:00:00+00:00,45.0,42.69698,0.0,43.84849
2025-01-11 03:00:00+00:00,43.47363,39.95839,0.0,41.71601
2025-01-11 04:00:00+00:00,43.33749,39.77587,0.0,41.55668
2025-01-11 05:00:00+00:00,42.49563,39.93169,0.0,41.213660000000004
2025-01-11 06:00:00+00:00,41.60667,40.74915,0.0,41.17791
2025-01-11 07:00:00+00:00,40.30881,40.07126,0.0,40.190035
2025-01-11 08:00:00+00:00,40.83455,39.72234,0.0,40.278445000000005
2025-01-11 09:00:00+00:00,39.69506,38.82413,0.0,39.259595
2025-01-11 10:00:00+00:00,40.39324,40.0036,0.0,40.19842
2025-01-11 11:00:00+00:00,39.71506,39.67167,0.0,39.693365
2025-01-11 12:00:00+00:00,40.04738,40.07784,0.0,40.06261
2025-01-11 13:00:00+00:00,40.46507,40.15545,0.0,40.31026
2025-01-11 14:00:00+00:00,42.18994,42.64443,0.0,42.417185
2025-01-11 15:00:00+00:00,40.68969,39.82864,2250.64801,40.259164999999996
2025-01-11 16:00:00+00:00,17.43507,10.40004,9105.00449,13.917555
2025-01-11 17:00:00+00:00,13.48402,-0.73514,12100.81318,6.37444
2025-01-11 18:00:00+00:00,10.49531,-0.65359,12350.91717,4.92086
2025-01-11 19:00:00+00:00,9.65483,-0.1836,11699.02588,4.735615
2025-01-11 20:00:00+00:00,7.62207,-1.71467,10827.87195,2.9537
2025-01-11 21:00:00+00:00,6.28255,-2.56277,10270.91199,1.8598899999999998
2025-01-11 22:00:00+00:00,8.02827,-1.15787,9833.50823,3.4351999999999996
2025-01-11 23:00:00+00:00,15.49974,9.17794,8057.797799999999,12.33884
2025-01-12 00:00:00+00:00,43.23186,42.74068,1762.91804,42.98627
2025-01-12 01:00:00+00:00,47.48842,48.1136,4.620529999999999,47.80101
2025-01-12 02:00:00+00:00,47.61386,48.20647,3.7794700000000008,47.910165000000006
2025-01-12 03:00:00+00:00,47.31991,47.53665,3.557789999999999,47.42828
2025-01-12 04:00:00+00:00,47.84489,46.90876,2.8626500000000004,47.376825
2025-01-12 05:00:00+00:00,46.92724,47.44329,0.0,47.185265
2025-01-12 06:00:00+00:00,47.33251,47.35541,0.0,47.343959999999996
2025-01-12 07:00:00+00:00,46.25239,46.72382,0.0,46.488105000000004
2025-01-12 08:00:00+00:00,51.27762,52.47534,0.0,51.87648
2025-01-12 09:00:00+00:00,48.57112,50.58239,0.0,49.576755
2025-01-12 10:00:00+00:00,48.5411,50.38414,0.0,49.46262
2025-01-12 11:00:00+00:00,48.53049,50.34934,0.0,49.439915
2025-01-12 12:00:00+00:00,50.49111,52.18716,0.0,51.339135
2025-01-12 13:00:00+00:00,51.68274,52.79308,0.0,52.23791
2025-01-12 14:00:00+00:00,51.88636,53.20242,0.0,52.54439
2025-01-12 15:00:00+00:00,49.68648,49.2,2428.39788,49.44324
2025-01-12 16:00:00+00:00,26.71975,18.47313,9654.51506,22.59644
2025-01-12 17:00:00+00:00,28.08152,-1.55688,12472.74977,13.26232
2025-01-12 18:00:00+00:00,25.62709,-2.43514,12577.45437,11.595975
2025-01-12 19:00:00+00:00,21.0133,-3.48779,12431.26741,8.762755
2025-01-12 20:00:00+00:00,16.68,-3.77958,12393.30731,6.45021
2025-01-12 21:00:00+00:00,15.9326,-4.66311,12569.94054,5.634745000000001
2025-01-12 22:00:00+00:00,24.26797,-3.33743,12462.4967,10.465269999999999
2025-01-12 23:00:00+00:00,34.95235,16.01401,9018.5133,25.48318
2025-01-13 00:00:00+00:00,54.58666,52.95502,1982.89227,53.77084
2025-01-13 01:00:00+00:00,56.29314,55.95162,0.0,56.12238
2025-01-13 02:00:00+00:00,56.09928,55.60848,0.0,55.853880000000004
2025-01-13 03:00:00+00:00,55.47371,54.87899,0.0,55.17635
2025-01-13 04:00:00+00:00,54.95522,54.7677,0.0,54.861459999999994
2025-01-13 05:00:00+00:00,54.62,54.65171,0.0,54.635855
2025-01-13 06:00:00+00:00,54.03625,54.3337,0.0,54.184975
2025-01-13 07:00:00+00:00,51.69123,52.57646,0.0,52.133844999999994
2025-01-13 08:00:00+00:00,53.86235,54.71469,0.0,54.28852
2025-01-13 09:00:00+00:00,51.30183,52.32362,0.0,51.812725
2025-01-13 10:00:00+00:00,50.55477,51.71411,0.0,51.13444
2025-01-13 11:00:00+00:00,49.83992,51.02181,0.0,50.430865
2025-01-13 12:00:00+00:00,50.89404,52.49654,0.0,51.69529
2025-01-13 13:00:00+00:00,55.68638,57.26595,0.0,56.476164999999995
2025-01-13 14:00:00+00:00,56.18624,57.44482,0.0,56.815529999999995
2025-01-13 15:00:00+00:00,51.61436,50.17153,2481.2544300000004,50.892945
2025-01-13 16:00:00+00:00,44.77959,33.87,9719.98545,39.324794999999995
2025-01-13 17:00:00+00:00,33.86364,15.0,12720.28973,24.43182
2025-01-13 18:00:00+00:00,30.09491,8.27449,13076.50147,19.1847
2025-01-13 19:00:00+00:00,27.33588,3.75439,12884.297730000002,15.545135
2025-01-13 20:00:00+00:00,25.06911,-10.0,12896.7324,7.534554999999999
2025-01-13 21:00:00+00:00,24.21591,-10.0,12795.7399,7.1079550000000005
2025-01-13 22:00:00+00:00,26.99887,3.11174,12544.40197,15.055305
2025-01-13 23:00:00+00:00,39.40272,21.8008,9283.63767,30.60176
2025-01-14 00:00:00+00:00,53.84997,50.8039,1916.8479,52.326935
2025-01-14 01:00:00+00:00,59.37471,57.8,0.0,58.587355
2025-01-14 02:00:00+00:00,59.97941,57.97682,0.0,58.978115
2025-01-14 03:00:00+00:00,60.08904,58.04468,0.0,59.06686
2025-01-14 04:00:00+00:00,59.1631,56.16874,0.0,57.66592
2025-01-14 05:00:00+00:00,59.30556,56.79214,0.0,58.04885
2025-01-14 06:00:00+00:00,58.14227,54.08655,0.0,56.11441000000001
2025-01-14 07:00:00+00:00,53.39188,52.05272,0.0,52.722300000000004
2025-01-14 08:00:00+00:00,63.98444,59.15,0.0,61.56722
2025-01-14 09:00:00+00:00,60.21979,55.77209,0.0,57.995940000000004
2025-01-14 10:00:00+00:00,58.23037,54.27864,0.0,56.254505
2025-01-14 11:00:00+00:00,58.20321,54.38491,0.0,56.29406
2025-01-14 12:00:00+00:00,59.34774,56.05395,0.0,57.700845
2025-01-14 13:00:00+00:00,64.00367,60.44885,0.0,62.226259999999996
2025-01-14 14:00:00+00:00,70.61232,67.5766,0.0,69.09446
2025-01-14 15:00:00+00:00,71.24148,64.04349,2492.9828500000003,67.642485
2025-01-14 16:00:00+00:00,55.34378,36.29979,9828.0192,45.821785000000006
2025-01-14 17:00:00+00:00,46.01458,18.44819,12790.44941,32.231385
2025-01-14 18:00:00+00:00,40.65764,11.22,12932.451840000002,25.93882
2025-01-14 19:00:00+00:00,38.75381,11.7,12793.72437,25.226905000000002
2025-01-14 20:00:00+00:00,34.98942,6.81554,12870.583739999998,20.90248
2025-01-14 21:00:00+00:00,32.53337,0.77409,12627.5434,16.65373
2025-01-14 22:00:00+00:00,37.68126,3.07386,11431.27641,20.377560000000003
2025-01-14 23:00:00+00:00,44.80078,28.38229,8822.54478,36.591535
2025-01-15 00:00:00+00:00,64.20372,59.22836,2012.8531,61.71604000000001
2025-01-15 01:00:00+00:00,68.62708,65.01641,0.0,66.82174499999999
2025-01-15 02:00:00+00:00,66.7273,63.81229,0.0,65.269795
2025-01-15 03:00:00+00:00,66.22681,63.43691,0.0,64.83186
2025-01-15 04:00:00+00:00,66.08067,62.50848,0.0,64.294575
2025-01-15 05:00:00+00:00,64.63946,62.09788,0.0,63.36867
2025-01-15 06:00:00+00:00,63.6396,60.30782,0.0,61.97371
2025-01-15 07:00:00+00:00,61.81708,58.39808,0.0,60.10758
2025-01-15 08:00:00+00:00,57.29339,54.29864,0.0,55.796015
2025-01-15 09:00:00+00:00,54.25156,51.35742,0.0,52.80449
2025-01-15 10:00:00+00:00,53.85652,50.96544,0.0,52.41098
2025-01-15 11:00:00+00:00,53.72694,50.73116,0.0,52.22905
2025-01-15 12:00:00+00:00,55.69936,53.62122,0.0,54.66029
2025-01-15 13:00:00+00:00,59.26459,56.82531,0.0,58.04495
2025-01-15 14:00:00+00:00,68.21927,65.36994,0.0,66.79460499999999
2025-01-15 15:00:00+00:00,68.09706,62.97737,2538.76761,65.537215
2025-01-15 16:00:00+00:00,50.41908,35.98408,9781.13419,43.20158
2025-01-15 17:00:00+00:00,43.0843,14.20123,12568.14434,28.642765
2025-01-15 18:00:00+00:00,39.27,7.65907,12597.01669,23.464535
2025-01-15 19:00:00+00:00,36.96286,4.84693,12444.22775,20.904895
2025-01-15 20:00:00+00:00,34.04863,1.42415,12639.792839999998,17.73639
2025-01-15 21:00:00+00:00,33.07145,-3.13294,12323.01907,14.969254999999999
2025-01-15 22:00:00+00:00,33.96822,0.52955,10498.8996,17.248885
2025-01-15 23:00:00+00:00,43.18728,24.1757,8416.48011,33.68149
2025-01-16 00:00:00+00:00,62.16262,58.73188,2162.16555,60.44725
2025-01-16 01:00:00+00:00,68.65077,63.96648,0.0,66.30862499999999
2025-01-16 02:00:00+00:00,67.17405,62.82364,0.0,64.99884499999999
2025-01-16 03:00:00+00:00,64.75517,61.73322,0.0,63.244195000000005
2025-01-16 04:00:00+00:00,64.7654,61.62,0.0,63.1927
2025-01-16 05:00:00+00:00,64.15056,61.21487,0.0,62.682715
2025-01-16 06:00:00+00:00,59.06884,55.97793,0.0,57.523385000000005
2025-01-16 07:00:00+00:00,57.63,55.26575,0.0,56.447874999999996
2025-01-16 08:00:00+00:00,51.97,48.57592,0.0,50.27296
2025-01-16 09:00:00+00:00,51.60679,47.98581,0.0,49.7963
2025-01-16 10:00:00+00:00,51.66609,48.05101,0.0,49.858549999999994
2025-01-16 11:00:00+00:00,51.7023,48.04266,0.0,49.872479999999996
2025-01-16 12:00:00+00:00,54.26558,51.14324,0.0,52.704409999999996
2025-01-16 13:00:00+00:00,59.18731,55.3267,0.0,57.257005
2025-01-16 14:00:00+00:00,65.28002,61.5791,0.0,63.429559999999995
2025-01-16 15:00:00+00:00,65.64214,58.37598,2384.8191,62.00906
2025-01-16 16:00:00+00:00,52.0565,32.03248,9312.10768,42.044489999999996
2025-01-16 17:00:00+00:00,43.17886,11.55595,12397.2889,27.367404999999998
2025-01-16 18:00:00+00:00,37.15643,8.05808,12518.98183,22.607255000000002
2025-01-16 19:00:00+00:00,31.33222,8.4743,12002.95151,19.90326
2025-01-16 20:00:00+00:00,27.32796,5.48637,10920.66832,16.407165
2025-01-16 21:00:00+00:00,25.33122,3.83686,11066.03893,14.58404
2025-01-16 22:00:00+00:00,27.92887,4.82438,10209.59312,16.376625
2025-01-16 23:00:00+00:00,37.56209,24.68675,7318.75795,31.12442
2025-01-17 00:00:00+00:00,58.66677,53.01018,1772.12568,55.838475
2025-01-17 01:00:00+00:00,63.44682,56.25179,59.95083999999999,59.849305
2025-01-17 02:00:00+00:00,64.0162,55.67448,0.0,59.84534
2025-01-17 03:00:00+00:00,62.42764,54.60114,0.0,58.51439
2025-01-17 04:00:00+00:00,59.50165,52.51678,0.0,56.009215
2025-01-17 05:00:00+00:00,58.55607,52.39791,0.0,55.47699
2025-01-17 06:00:00+00:00,56.3849,50.82,0.0,53.602450000000005
2025-01-17 07:00:00+00:00,53.2131,48.85919,0.0,51.036145
2025-01-17 08:00:00+00:00,51.79815,46.16544,0.0,48.981795
2025-01-17 09:00:00+00:00,50.96292,45.26151,0.0,48.112215
2025-01-17 10:00:00+00:00,49.52028,43.90906,0.0,46.71467
2025-01-17 11:00:00+00:00,49.66597,43.7613,0.0,46.713635
2025-01-17 12:00:00+00:00,50.53,45.39422,0.0,47.962109999999996
2025-01-17 13:00:00+00:00,55.09748,49.54601,0.0,52.321745
2025-01-17 14:00:00+00:00,58.7979,52.16882,0.0,55.48336
2025-01-17 15:00:00+00:00,60.10218,49.74026,2359.2392900000004,54.92122
2025-01-17 16:00:00+00:00,48.51317,21.62484,8949.50469,35.069005000000004
2025-01-17 17:00:00+00:00,46.68413,-1.56139,11005.84965,22.56137
2025-01-17 18:00:00+00:00,44.69112,-4.85217,11311.10415,19.919475
2025-01-17 19:00:00+00:00,40.26545,-4.90443,11248.310399999998,17.68051
2025-01-17 20:00:00+00:00,35.32716,-5.26684,10642.71798,15.030159999999999
2025-01-17 21:00:00+00:00,33.83169,-10.42514,10551.2219,11.703275000000001
2025-01-17 22:00:00+00:00,36.56147,-10.73098,9884.99429,12.915244999999999
2025-01-17 23:00:00+00:00,47.62172,-2.53177,8505.48245,22.544975
2025-01-18 00:00:00+00:00,54.3036,48.98505,2288.1144,51.644325
2025-01-18 01:00:00+00:00,56.75473,55.00535,14.459359999999998,55.88004
2025-01-18 02:00:00+00:00,57.21313,53.23584,0.0,55.224485
2025-01-18 03:00:00+00:00,55.87362,53.45039,0.0,54.662005
2025-01-18 04:00:00+00:00,57.74568,53.00613,0.0,55.375905
2025-01-18 05:00:00+00:00,55.93358,53.47904,0.0,54.70631
2025-01-18 06:00:00+00:00,54.74514,52.80337,0.0,53.774255
2025-01-18 07:00:00+00:00,52.71675,51.36394,0.0,52.040345
2025-01-18 08:00:00+00:00,71.47746,71.09178,0.0,71.28461999999999
2025-01-18 09:00:00+00:00,71.08931,71.38278,0.0,71.23604499999999
2025-01-18 10:00:00+00:00,67.08018,66.8557,0.0,66.96794
2025-01-18 11:00:00+00:00,67.73106,68.48855,0.0,68.109805
2025-01-18 12:00:00+00:00,70.87589,71.86462,0.0,71.370255
2025-01-18 13:00:00+00:00,75.04835,76.14401,0.0,75.59618
2025-01-18 14:00:00+00:00,78.47882,79.23254,0.0,78.85568
2025-01-18 15:00:00+00:00,71.29262,68.91063,2513.4996,70.101625
2025-01-18 16:00:00+00:00,53.72214,36.1316,9361.36133,44.92687
2025-01-18 17:00:00+00:00,49.7827,12.58674,12550.33713,31.18472
2025-01-18 18:00:00+00:00,44.50076,9.48668,13024.61468,26.99372
2025-01-18 19:00:00+00:00,38.81118,9.09645,12672.436279999998,23.953815
2025-01-18 20:00:00+00:00,27.49934,8.10303,12435.36074,17.801185
2025-01-18 21:00:00+00:00,24.38197,-0.58351,12552.66416,11.89923
2025-01-18 22:00:00+00:00,28.3891,0.20824,12481.934410000002,14.29867
2025-01-18 23:00:00+00:00,44.34512,19.74478,9392.14691,32.04495
2025-01-19 00:00:00+00:00,72.08739,70.88292,2330.76101,71.48515499999999
2025-01-19 01:00:00+00:00,78.70356,76.19958,0.0,77.45157
2025-01-19 02:00:00+00:00,77.06701,76.5344,0.0,76.800705
2025-01-19 03:00:00+00:00,76.19907,76.39759,0.0,76.29832999999999
2025-01-19 04:00:00+00:00,76.18092,76.26794,0.0,76.22443
2025-01-19 05:00:00+00:00,75.1771,76.01866,0.0,75.59788
2025-01-19 06:00:00+00:00,75.16445,76.20214,0.0,75.683295
2025-01-19 07:00:00+00:00,74.88925,75.93412,0.0,75.411685
2025-01-19 08:00:00+00:00,69.19434,68.65868,0.0,68.92651000000001
2025-01-19 09:00:00+00:00,67.78405,68.45,0.0,68.117025
2025-01-19 10:00:00+00:00,67.15345,67.81003,0.0,67.48174
2025-01-19 11:00:00+00:00,66.45173,67.35998,0.0,66.905855
2025-01-19 12:00:00+00:00,66.71518,68.4947,0.0,67.60494
2025-01-19 13:00:00+00:00,67.63488,69.00815,0.0,68.321515
2025-01-19 14:00:00+00:00,69.503,71.00037,0.0,70.25168500000001
2025-01-19 15:00:00+00:00,65.99336,64.41227,2667.14105,65.202815
2025-01-19 16:00:00+00:00,46.58711,36.47489,9962.34487,41.531000000000006
2025-01-19 17:00:00+00:00,45.47323,5.47893,13033.99764,25.47608
2025-01-19 18:00:00+00:00,43.83049,-0.19367,13364.071070000002,21.81841
2025-01-19 19:00:00+00:00,39.69463,-0.31627,13114.83096,19.689179999999997
2025-01-19 20:00:00+00:00,33.53011,-1.76241,13047.38108,15.88385
2025-01-19 21:00:00+00:00,22.58973,-5.12317,12971.80654,8.73328
2025-01-19 22:00:00+00:00,32.611,-4.08564,13032.96668,14.26268
2025-01-19 23:00:00+00:00,42.3459,6.94745,9974.43961,24.646675000000002
2025-01-20 00:00:00+00:00,60.40191,59.1129,2562.53787,59.757405000000006
2025-01-20 01:00:00+00:00,70.2132,70.06914,112.96341,70.14117
2025-01-20 02:00:00+00:00,69.09816,70.28035,0.0,69.689255
2025-01-20 03:00:00+00:00,67.8672,70.0653,0.0,68.96625
2025-01-20 04:00:00+00:00,68.00818,70.15954,0.0,69.08386
2025-01-20 05:00:00+00:00,67.09572,69.88023,0.0,68.487975
2025-01-20 06:00:00+00:00,65.38077,66.47693,0.0,65.92885
2025-01-20 07:00:00+00:00,63.43392,63.76834,0.0,63.60113
2025-01-20 08:00:00+00:00,64.28883,68.66,0.0,66.474415
2025-01-20 09:00:00+00:00,63.07347,70.4187,0.0,66.746085
2025-01-20 10:00:00+00:00,63.56815,70.55727,0.0,67.06271000000001
2025-01-20 11:00:00+00:00,64.6842,72.26653,0.0,68.47536500000001
2025-01-20 12:00:00+00:00,67.61237,72.88187,0.0,70.24712
2025-01-20 13:00:00+00:00,73.0,80.53017,0.0,76.765085
2025-01-20 14:00:00+00:00,81.11,85.0,8.65056,83.055
2025-01-20 15:00:00+00:00,79.68403,80.08642,2748.2256300000004,79.885225
2025-01-20 16:00:00+00:00,52.91777,44.94732,9901.86632,48.932545
2025-01-20 17:00:00+00:00,43.17038,28.50916,13075.66974,35.83977
2025-01-20 18:00:00+00:00,42.8204,18.38428,13249.75098,30.602339999999998
2025-01-20 19:00:00+00:00,35.5874,17.86279,13157.39497,26.725095000000003
2025-01-20 20:00:00+00:00,17.54806,13.47956,13282.02323,15.51381
2025-01-20 21:00:00+00:00,16.40457,1.92,13421.19932,9.162285
2025-01-20 22:00:00+00:00,22.90744,10.26539,12820.07563,16.586415000000002
2025-01-20 23:00:00+00:00,36.0,24.5669,9717.70327,30.283450000000002
2025-01-21 00:00:00+00:00,70.17798,68.57194,2469.36479,69.37496
2025-01-21 01:00:00+00:00,75.68252,76.56856,111.97966,76.12554
2025-01-21 02:00:00+00:00,74.90792,77.24802,55.50658,76.07797
2025-01-21 03:00:00+00:00,73.6883,75.49587,20.67399,74.592085
2025-01-21 04:00:00+00:00,72.94001,74.62529,0.0,73.78265
2025-01-21 05:00:00+00:00,72.40244,74.83626,0.0,73.61935
2025-01-21 06:00:00+00:00,72.44348,73.31751,0.0,72.880495
2025-01-21 07:00:00+00:00,68.69071,72.13231,0.0,70.41150999999999
2025-01-21 08:00:00+00:00,77.15449,77.31312,0.0,77.23380499999999
2025-01-21 09:00:00+00:00,75.22303,75.49996,0.0,75.36149499999999
2025-01-21 10:00:00+00:00,74.49843,74.55906,0.0,74.528745
2025-01-21 11:00:00+00:00,74.5596,74.92806,0.0,74.74383
2025-01-21 12:00:00+00:00,74.51289,74.73613,0.0,74.62451
2025-01-21 13:00:00+00:00,86.12991,86.6812,0.0,86.40555499999999
2025-01-21 14:00:00+00:00,91.71105,90.53346,0.0,91.122255
2025-01-21 15:00:00+00:00,86.0814,81.67728,2908.2372,83.87934
2025-01-21 16:00:00+00:00,62.1094,50.74705,10356.97357,56.428225
2025-01-21 17:00:00+00:00,47.04631,32.62737,13331.35303,39.836839999999995
2025-01-21 18:00:00+00:00,45.36121,26.53027,13678.88113,35.94574
2025-01-21 19:00:00+00:00,40.0,28.65337,13356.39337,34.326685
2025-01-21 20:00:00+00:00,32.17576,26.08889,13000.07824,29.132324999999998
2025-01-21 21:00:00+00:00,32.06167,20.24174,12480.06646,26.151705
2025-01-21 22:00:00+00:00,34.76775,24.84816,11871.37797,29.807955
2025-01-21 23:00:00+00:00,48.98842,40.93039,9431.52435,44.959405000000004
2025-01-22 00:00:00+00:00,77.30201,76.391,2259.71885,76.84650500000001
2025-01-22 01:00:00+00:00,83.35607,81.02139,38.47209,82.18872999999999
2025-01-22 02:00:00+00:00,79.12678,78.59986,0.0,78.86332
2025-01-22 03:00:00+00:00,77.97851,78.16353,0.0,78.07102
2025-01-22 04:00:00+00:00,77.74815,78.48975,0.0,78.11895
2025-01-22 05:00:00+00:00,77.59572,78.08628,0.0,77.84100000000001
2025-01-22 06:00:00+00:00,76.51788,78.41009,0.0,77.46398500000001
2025-01-22 07:00:00+00:00,74.89556,77.3045,0.0,76.10003
2025-01-22 08:00:00+00:00,57.68561,57.22462,0.0,57.455115
2025-01-22 09:00:00+00:00,57.10249,55.95585,0.0,56.52917
2025-01-22 10:00:00+00:00,56.0241,54.99641,0.0,55.510255
2025-01-22 11:00:00+00:00,56.05075,54.88505,0.0,55.4679
2025-01-22 12:00:00+00:00,59.29867,58.77804,0.0,59.038354999999996
2025-01-22 13:00:00+00:00,62.02552,62.25749,0.0,62.141504999999995
2025-01-22 14:00:00+00:00,72.09701,70.0,2.436530000000001,71.048505
2025-01-22 15:00:00+00:00,67.16808,63.52241,1708.69078,65.345245
2025-01-22 16:00:00+00:00,46.63507,38.00289,7550.05964,42.318979999999996
2025-01-22 17:00:00+00:00,40.1688,25.0,11445.06683,32.5844
2025-01-22 18:00:00+00:00,37.26567,19.39082,12498.0777,28.328245000000003
2025-01-22 19:00:00+00:00,26.76239,21.03289,12877.14686,23.89764
2025-01-22 20:00:00+00:00,23.27876,18.04185,13234.06548,20.660305
2025-01-22 21:00:00+00:00,21.02713,14.25255,13086.4252,17.63984
2025-01-22 22:00:00+00:00,23.50813,14.13619,12058.09502,18.82216
2025-01-22 23:00:00+00:00,37.33413,29.76786,9094.79829,33.550995
2025-01-23 00:00:00+00:00,58.0452,54.87501,2587.9353,56.460105
2025-01-23 01:00:00+00:00,60.08001,57.73716,0.0,58.908585
2025-01-23 02:00:00+00:00,61.54669,59.23069,0.0,60.38869
2025-01-23 03:00:00+00:00,58.89106,56.58748,0.0,57.739270000000005
2025-01-23 04:00:00+00:00,58.04548,56.28447,0.0,57.164975
2025-01-23 05:00:00+00:00,58.48795,56.28226,0.0,57.385104999999996
2025-01-23 06:00:00+00:00,56.91602,55.75944,0.0,56.33773
2025-01-23 07:00:00+00:00,55.90204,54.91649,0.0,55.409265000000005
2025-01-23 08:00:00+00:00,58.82294,58.05071,0.0,58.436825
2025-01-23 09:00:00+00:00,57.16226,55.7976,0.0,56.47993
2025-01-23 10:00:00+00:00,56.62372,55.39597,0.0,56.009845
2025-01-23 11:00:00+00:00,56.84059,54.93776,0.0,55.889174999999994
2025-01-23 12:00:00+00:00,56.54804,55.2187,0.0,55.88337
2025-01-23 13:00:00+00:00,62.43796,60.50016,0.0,61.46906
2025-01-23 14:00:00+00:00,68.44015,66.38508,18.28898,67.412615
2025-01-23 15:00:00+00:00,65.00953,60.07973,2941.36488,62.54463
2025-01-23 16:00:00+00:00,50.99752,35.32747,10071.53862,43.162495
2025-01-23 17:00:00+00:00,46.88149,16.97954,12567.10035,31.930515
2025-01-23 18:00:00+00:00,43.0796,13.27791,13281.70159,28.178755
2025-01-23 19:00:00+00:00,33.02395,12.37368,13463.82602,22.698815
2025-01-23 20:00:00+00:00,26.36183,10.10898,12958.42187,18.235405
2025-01-23 21:00:00+00:00,21.0,5.54898,12812.19571,13.27449
2025-01-23 22:00:00+00:00,28.91808,7.87391,12568.4483,18.395995
2025-01-23 23:00:00+00:00,39.82428,25.12597,9874.7597,32.475125
2025-01-24 00:00:00+00:00,56.55056,54.15654,3066.10003,55.35355
2025-01-24 01:00:00+00:00,63.0447,60.40326,152.43877,61.72398
2025-01-24 02:00:00+00:00,63.32975,60.44761,0.0,61.888679999999994
2025-01-24 03:00:00+00:00,62.34531,59.77448,0.0,61.059895
2025-01-24 04:00:00+00:00,59.53764,57.88166,0.0,58.709649999999996
2025-01-24 05:00:00+00:00,58.49407,57.45111,0.0,57.97259
2025-01-24 06:00:00+00:00,57.32826,56.1369,0.0,56.73258
2025-01-24 07:00:00+00:00,55.87103,55.01127,0.0,55.44115
2025-01-24 08:00:00+00:00,50.44725,50.29466,0.0,50.370954999999995
2025-01-24 09:00:00+00:00,49.63946,49.46822,0.0,49.55384
2025-01-24 10:00:00+00:00,49.41525,49.53645,0.0,49.47585
2025-01-24 11:00:00+00:00,49.56775,49.65347,0.0,49.610609999999994
2025-01-24 12:00:00+00:00,50.89886,50.76411,0.0,50.831485
2025-01-24 13:00:00+00:00,58.08894,58.29078,0.0,58.189859999999996
2025-01-24 14:00:00+00:00,64.10314,62.90664,0.0,63.50489
2025-01-24 15:00:00+00:00,61.7541,55.46863,2718.99072,58.611365
2025-01-24 16:00:00+00:00,46.78205,32.13295,9539.00016,39.457499999999996
2025-01-24 17:00:00+00:00,42.21952,18.62,13324.61475,30.419760000000004
2025-01-24 18:00:00+00:00,37.0,16.02,13537.17415,26.509999999999998
2025-01-24 19:00:00+00:00,30.39865,15.92815,13548.12843,23.1634
2025-01-24 20:00:00+00:00,23.16213,13.47434,13147.69456,18.318235
2025-01-24 21:00:00+00:00,20.23923,12.41899,13036.36638,16.32911
2025-01-24 22:00:00+00:00,27.9102,13.57115,12480.4353,20.740675
2025-01-24 23:00:00+00:00,39.18352,30.41055,9188.3017,34.797035
2025-01-25 00:00:00+00:00,54.32237,52.41876,2653.8861,53.370565
2025-01-25 01:00:00+00:00,59.60396,57.08077,0.5347899999999992,58.342365
2025-01-25 02:00:00+00:00,57.65943,55.90335,0.0,56.78139
2025-01-25 03:00:00+00:00,56.96297,55.67333,0.0,56.31815
2025-01-25 04:00:00+00:00,56.54702,55.62665,0.0,56.086835
2025-01-25 05:00:00+00:00,56.60329,55.62875,0.0,56.11602
2025-01-25 06:00:00+00:00,55.0951,54.70502,0.0,54.900059999999996
2025-01-25 07:00:00+00:00,52.43728,52.49337,0.0,52.465325
2025-01-25 08:00:00+00:00,43.57616,42.80727,0.0,43.191715
2025-01-25 09:00:00+00:00,46.15745,46.30565,0.0,46.23155
2025-01-25 10:00:00+00:00,46.0118,44.95771,0.0,45.484755
2025-01-25 11:00:00+00:00,44.5684,44.2687,0.0,44.418549999999996
2025-01-25 12:00:00+00:00,45.62429,44.71397,0.0,45.16913
2025-01-25 13:00:00+00:00,45.77823,45.86441,0.0,45.82132
2025-01-25 14:00:00+00:00,50.97504,49.94308,0.0,50.45906
2025-01-25 15:00:00+00:00,52.76978,50.29702,691.4240299999999,51.5334
2025-01-25 16:00:00+00:00,46.84465,40.51159,3531.20708,43.67812
2025-01-25 17:00:00+00:00,38.47755,30.7653,6326.40141,34.621425
2025-01-25 18:00:00+00:00,32.43328,25.8115,7152.10484,29.122390000000003
2025-01-25 19:00:00+00:00,27.6875,21.70707,7432.84971,24.697285
2025-01-25 20:00:00+00:00,21.47023,16.64613,7821.46111,19.05818
2025-01-25 21:00:00+00:00,18.80483,13.99961,7379.165550000001,16.40222
2025-01-25 22:00:00+00:00,24.92253,16.71885,7526.75369,20.82069
2025-01-25 23:00:00+00:00,36.40406,28.28454,5954.77785,32.344300000000004
2025-01-26 00:00:00+00:00,50.09233,46.47417,1550.81853,48.283249999999995
2025-01-26 01:00:00+00:00,58.11194,50.47202,0.0,54.291979999999995
2025-01-26 02:00:00+00:00,57.98142,51.15001,0.0,54.565715
2025-01-26 03:00:00+00:00,55.50928,50.82316,0.0,53.166219999999996
2025-01-26 04:00:00+00:00,55.29237,50.97251,0.0,53.13244
2025-01-26 05:00:00+00:00,54.88129,50.80485,0.0,52.84307
2025-01-26 06:00:00+00:00,54.20977,52.34461,0.0,53.277190000000004
2025-01-26 07:00:00+00:00,50.40772,49.66968,0.0,50.0387
2025-01-26 08:00:00+00:00,54.11537,51.71417,0.0,52.914770000000004
2025-01-26 09:00:00+00:00,53.5192,51.00987,0.0,52.264534999999995
2025-01-26 10:00:00+00:00,51.14774,49.31813,0.0,50.232935
2025-01-26 11:00:00+00:00,49.96179,48.02212,0.0,48.991955000000004
2025-01-26 12:00:00+00:00,51.88038,49.8971,0.0,50.88874
2025-01-26 13:00:00+00:00,53.50703,51.84742,0.0,52.677225
2025-01-26 14:00:00+00:00,55.29354,53.73529,0.0,54.514415
2025-01-26 15:00:00+00:00,53.07664,50.83195,1329.60242,51.954295
2025-01-26 16:00:00+00:00,44.13719,43.71521,3649.9216,43.926199999999994
2025-01-26 17:00:00+00:00,40.98422,40.62,5762.40803,40.80211
2025-01-26 18:00:00+00:00,36.849,35.83986,7869.13002,36.34443
2025-01-26 19:00:00+00:00,34.1085,33.88088,7706.86356,33.99469
2025-01-26 20:00:00+00:00,31.1864,30.27073,6473.67235,30.728565
2025-01-26 21:00:00+00:00,29.62365,28.79808,6918.8229200000005,29.210865
2025-01-26 22:00:00+00:00,34.78565,33.8099,5573.03323,34.297775
2025-01-26 23:00:00+00:00,46.08143,45.25596,3947.69938,45.668695
2025-01-27 00:00:00+00:00,58.90348,55.63009,1289.79178,57.266785
2025-01-27 01:00:00+00:00,65.19383,60.07022,0.0,62.632025
2025-01-27 02:00:00+00:00,63.77673,59.24207,0.0,61.5094
2025-01-27 03:00:00+00:00,62.85689,59.19166,0.0,61.024275
2025-01-27 04:00:00+00:00,62.76528,59.51409,0.0,61.139685
2025-01-27 05:00:00+00:00,62.85347,59.10863,0.0,60.981049999999996
2025-01-27 06:00:00+00:00,56.86592,54.73112,0.0,55.798519999999996
2025-01-27 07:00:00+00:00,51.42491,49.77,0.0,50.597455
2025-01-27 08:00:00+00:00,54.89814,54.00385,0.0,54.450995
2025-01-27 09:00:00+00:00,54.42792,53.78125,0.0,54.104585
2025-01-27 10:00:00+00:00,54.03409,53.42071,0.0,53.7274
2025-01-27 11:00:00+00:00,54.40148,53.43345,0.0,53.917465
2025-01-27 12:00:00+00:00,59.50862,57.93665,0.0,58.722635
2025-01-27 13:00:00+00:00,65.77366,63.42905,0.0,64.601355
2025-01-27 14:00:00+00:00,67.55036,64.49378,0.0,66.02207
2025-01-27 15:00:00+00:00,72.49114,67.63118,1623.51258,70.06116
2025-01-27 16:00:00+00:00,61.28362,55.83213,6116.17589,58.557874999999996
2025-01-27 17:00:00+00:00,48.83851,46.28219,9998.7004,47.56035
2025-01-27 18:00:00+00:00,43.91492,41.29355,11318.07711,42.604235
2025-01-27 19:00:00+00:00,40.50709,38.31597,11472.99756,39.41153
2025-01-27 20:00:00+00:00,37.50735,35.8139,10631.81686,36.660624999999996
2025-01-27 21:00:00+00:00,32.72518,31.31443,9897.99594,32.019805000000005
2025-01-27 22:00:00+00:00,36.05172,34.02615,9376.87202,35.038935
2025-01-27 23:00:00+00:00,45.18245,41.70068,7981.15475,43.441565
2025-01-28 00:00:00+00:00,60.95894,58.44392,2799.65291,59.70143
2025-01-28 01:00:00+00:00,65.89042,60.35178,87.71827,63.1211
2025-01-28 02:00:00+00:00,67.87487,64.15878,0.0,66.016825
2025-01-28 03:00:00+00:00,67.39181,63.81129,0.0,65.60155
2025-01-28 04:00:00+00:00,66.67856,64.30034,0.0,65.48945
2025-01-28 05:00:00+00:00,65.73,63.68135,0.0,64.705675
2025-01-28 06:00:00+00:00,65.56219,64.2423,0.0,64.902245
2025-01-28 07:00:00+00:00,64.31694,63.03645,0.0,63.676695
2025-01-28 08:00:00+00:00,60.1127,58.51758,0.0,59.31514
2025-01-28 09:00:00+00:00,58.71493,57.38083,0.0,58.047880000000006
2025-01-28 10:00:00+00:00,58.29835,57.208,0.0,57.753175
2025-01-28 11:00:00+00:00,58.56969,57.23999,0.0,57.90484
2025-01-28 12:00:00+00:00,65.72509,64.32576,0.0,65.025425
2025-01-28 13:00:00+00:00,71.70084,70.2668,0.0,70.98382000000001
2025-01-28 14:00:00+00:00,77.0151,75.29357,0.0,76.154335
2025-01-28 15:00:00+00:00,76.27718,71.64797,2664.69857,73.962575
2025-01-28 16:00:00+00:00,52.61461,42.31597,9746.98953,47.465289999999996
2025-01-28 17:00:00+00:00,44.95714,31.81623,12733.790530000002,38.386685
2025-01-28 18:00:00+00:00,39.10542,23.90319,12744.86122,31.504305000000002
2025-01-28 19:00:00+00:00,33.74371,20.5767,12767.089790000002,27.160204999999998
2025-01-28 20:00:00+00:00,28.92201,19.21741,12169.315750000002,24.06971
2025-01-28 21:00:00+00:00,25.21315,15.62707,11794.70026,20.42011
2025-01-28 22:00:00+00:00,30.15995,16.89463,11257.13101,23.52729
2025-01-28 23:00:00+00:00,39.71426,30.14732,8934.28255,34.93079
2025-01-29 00:00:00+00:00,54.75317,51.49397,2960.14363,53.12357
2025-01-29 01:00:00+00:00,65.86921,61.55241,36.17137,63.710809999999995
2025-01-29 02:00:00+00:00,66.80975,61.42428,0.0,64.117015
2025-01-29 03:00:00+00:00,63.86536,60.46117,0.0,62.163265
2025-01-29 04:00:00+00:00,64.71498,60.16128,0.0,62.43813
2025-01-29 05:00:00+00:00,63.61899,59.69054,0.0,61.654765
2025-01-29 06:00:00+00:00,61.72818,59.00527,0.0,60.366725
2025-01-29 07:00:00+00:00,55.45619,53.74239,0.0,54.599289999999996
2025-01-29 08:00:00+00:00,48.99741,47.32706,0.0,48.162235
2025-01-29 09:00:00+00:00,47.58983,46.2501,0.0,46.919965000000005
2025-01-29 10:00:00+00:00,48.02088,46.60847,0.0,47.314674999999994
2025-01-29 11:00:00+00:00,48.81385,47.16304,0.0,47.988445
2025-01-29 12:00:00+00:00,52.92239,51.15144,0.0,52.036915
2025-01-29 13:00:00+00:00,61.24781,59.48033,0.0,60.36407
2025-01-29 14:00:00+00:00,64.98374,62.93432,0.0,63.95903
2025-01-29 15:00:00+00:00,66.93788,60.82219,2692.87775,63.88003500000001
2025-01-29 16:00:00+00:00,48.80759,35.1255,9864.0032,41.966544999999996
2025-01-29 17:00:00+00:00,43.17291,19.89144,12605.68336,31.532175000000002
2025-01-29 18:00:00+00:00,35.48735,13.90178,13051.68518,24.694565
2025-01-29 19:00:00+00:00,31.65511,13.53401,12878.098709999998,22.59456
2025-01-29 20:00:00+00:00,26.772,7.47909,12426.05794,17.125545
2025-01-29 21:00:00+00:00,23.0665,4.48496,11846.9798,13.775730000000001
2025-01-29 22:00:00+00:00,28.48485,2.81432,11363.03941,15.649585
2025-01-29 23:00:00+00:00,35.76409,16.06,9234.69878,25.912045
2025-01-30 00:00:00+00:00,46.95345,45.26633,3674.96129,46.10989
2025-01-30 01:00:00+00:00,60.84609,57.12908,162.91261,58.987584999999996
2025-01-30 02:00:00+00:00,61.80676,56.16038,0.0,58.98357
2025-01-30 03:00:00+00:00,57.82545,54.5705,0.0,56.197975
2025-01-30 04:00:00+00:00,58.77798,54.58739,0.0,56.682685
2025-01-30 05:00:00+00:00,57.37785,53.93936,0.0,55.658605
2025-01-30 06:00:00+00:00,54.4148,52.40636,0.0,53.410579999999996
2025-01-30 07:00:00+00:00,49.39636,48.0,0.0,48.69818
2025-01-30 08:00:00+00:00,43.17329,40.93854,0.0,42.055915
2025-01-30 09:00:00+00:00,41.98002,40.19992,0.0,41.08997
2025-01-30 10:00:00+00:00,41.82455,40.01163,0.0,40.91809
2025-01-30 11:00:00+00:00,41.96581,39.81182,0.0,40.888814999999994
2025-01-30 12:00:00+00:00,43.86253,42.12814,0.0,42.995335
2025-01-30 13:00:00+00:00,50.3219,48.08,0.0,49.20095
2025-01-30 14:00:00+00:00,60.52059,58.09329,13.90402,59.30694
2025-01-30 15:00:00+00:00,61.43637,55.28665,3421.42159,58.361509999999996
2025-01-30 16:00:00+00:00,45.20794,28.16,11186.610740000002,36.68397
2025-01-30 17:00:00+00:00,40.53677,12.00801,13766.24904,26.272389999999998
2025-01-30 18:00:00+00:00,36.48013,4.17147,13874.43388,20.3258
2025-01-30 19:00:00+00:00,30.33029,4.21344,13848.09837,17.271865000000002
2025-01-30 20:00:00+00:00,23.33346,0.14396,13572.31725,11.73871
2025-01-30 21:00:00+00:00,20.99906,-1.85985,12266.49767,9.569605
2025-01-30 22:00:00+00:00,25.21,-1.6892,11120.58999,11.7604
2025-01-30 23:00:00+00:00,33.49195,12.64636,9082.54785,23.069155000000002
2025-01-31 00:00:00+00:00,48.10739,45.47906,3875.41089,46.793225
2025-01-31 01:00:00+00:00,62.02,57.22768,120.24813,59.62384
2025-01-31 02:00:00+00:00,61.31473,56.51532,0.0,58.915025
2025-01-31 03:00:00+00:00,58.48644,54.64656,0.0,56.566500000000005
2025-01-31 04:00:00+00:00,58.52231,54.47121,0.0,56.496759999999995
2025-01-31 05:00:00+00:00,57.77416,54.66357,0.0,56.218865
2025-01-31 06:00:00+00:00,55.6126,53.54704,0.0,54.57982
2025-01-31 07:00:00+00:00,49.24158,47.54447,0.0,48.393024999999994
2025-01-31 08:00:00+00:00,46.02,44.70187,0.0,45.360935
2025-01-31 09:00:00+00:00,44.46093,43.17639,0.0,43.818659999999994
2025-01-31 10:00:00+00:00,44.32834,43.13462,0.0,43.73148
2025-01-31 11:00:00+00:00,44.4386,43.20948,0.0,43.82404
2025-01-31 12:00:00+00:00,45.49797,44.30417,0.0,44.901070000000004
2025-01-31 13:00:00+00:00,54.16465,52.23844,0.0,53.201544999999996
2025-01-31 14:00:00+00:00,60.57555,58.16472,22.27047,59.370135000000005
2025-01-31 15:00:00+00:00,61.83005,54.28745,2827.00241,58.05875
2025-01-31 16:00:00+00:00,49.46632,31.01058,8106.5684,40.23845
2025-01-31 17:00:00+00:00,48.06737,18.52167,10601.362690000002,33.29452
2025-01-31 18:00:00+00:00,41.79523,12.97709,10479.26652,27.386159999999997
2025-01-31 19:00:00+00:00,39.4504,12.78532,11212.117950000002,26.11786
2025-01-31 20:00:00+00:00,38.71885,11.0,11829.18565,24.859425
2025-01-31 21:00:00+00:00,38.85345,5.0,10969.56702,21.926725
2025-01-31 22:00:00+00:00,39.7,7.72257,9983.06384,23.711285
2025-01-31 23:00:00+00:00,43.98425,15.98971,6961.169109999999,29.986980000000003
2025-02-01 00:00:00+00:00,51.86,46.50489,2123.69245,49.182445
2025-02-01 01:00:00+00:00,56.03971,51.39418,0.0,53.716944999999996
2025-02-01 02:00:00+00:00,50.22533,47.22456,0.0,48.724945
2025-02-01 03:00:00+00:00,47.43405,45.40432,0.0,46.419185
2025-02-01 04:00:00+00:00,45.93381,44.21352,0.0,45.073665000000005
2025-02-01 05:00:00+00:00,45.72041,44.35366,0.0,45.037035
2025-02-01 06:00:00+00:00,44.97786,43.65346,0.0,44.31566
2025-02-01 07:00:00+00:00,44.22651,42.86842,0.0,43.547465
