timestamp,solar_mw
2025-01-01 08:00:00+00:00,-8.00012
2025-01-01 08:00:00+00:00,-6.70393
2025-01-01 08:00:00+00:00,-37.94342
2025-01-01 09:00:00+00:00,-37.88463
2025-01-01 09:00:00+00:00,-8.04204
2025-01-01 09:00:00+00:00,-6.74449
2025-01-01 10:00:00+00:00,-6.83352
2025-01-01 10:00:00+00:00,-37.57774
2025-01-01 10:00:00+00:00,-8.05763
2025-01-01 11:00:00+00:00,-6.82151
2025-01-01 11:00:00+00:00,-36.38921
2025-01-01 11:00:00+00:00,-8.054
2025-01-01 12:00:00+00:00,-6.78942
2025-01-01 12:00:00+00:00,-7.95181
2025-01-01 12:00:00+00:00,-36.19739
2025-01-01 13:00:00+00:00,-6.74302
2025-01-01 13:00:00+00:00,-8.00875
2025-01-01 13:00:00+00:00,-36.95731
2025-01-01 14:00:00+00:00,-8.24224
2025-01-01 14:00:00+00:00,-6.85994
2025-01-01 14:00:00+00:00,-23.26063
2025-01-01 15:00:00+00:00,136.33789
2025-01-01 15:00:00+00:00,74.24011
2025-01-01 15:00:00+00:00,1971.47862
2025-01-01 16:00:00+00:00,990.26425
2025-01-01 16:00:00+00:00,6656.64937
2025-01-01 16:00:00+00:00,385.99453
2025-01-01 17:00:00+00:00,8773.46321
2025-01-01 17:00:00+00:00,938.71465
2025-01-01 17:00:00+00:00,1463.06279
2025-01-01 18:00:00+00:00,1786.63685
2025-01-01 18:00:00+00:00,8656.73525
2025-01-01 18:00:00+00:00,1118.94435
2025-01-01 19:00:00+00:00,1949.36026
2025-01-01 19:00:00+00:00,1060.26637
2025-01-01 19:00:00+00:00,8260.62572
2025-01-01 20:00:00+00:00,976.37072
2025-01-01 20:00:00+00:00,1978.60652
2025-01-01 20:00:00+00:00,8240.27051
2025-01-01 21:00:00+00:00,881.86476
2025-01-01 21:00:00+00:00,1867.82228
2025-01-01 21:00:00+00:00,8401.21381
2025-01-01 22:00:00+00:00,7411.77457
2025-01-01 22:00:00+00:00,1401.71196
2025-01-01 22:00:00+00:00,931.77239
2025-01-01 23:00:00+00:00,761.57097
2025-01-01 23:00:00+00:00,4910.81241
2025-01-01 23:00:00+00:00,1168.16916
2025-01-02 00:00:00+00:00,187.9794
2025-01-02 00:00:00+00:00,750.62548
2025-01-02 00:00:00+00:00,223.06031
2025-01-02 01:00:00+00:00,-8.87247
2025-01-02 01:00:00+00:00,-12.89466
2025-01-02 01:00:00+00:00,200.26308
2025-01-02 02:00:00+00:00,-7.87988
2025-01-02 02:00:00+00:00,-24.07065
2025-01-02 02:00:00+00:00,1.01118
2025-01-02 03:00:00+00:00,-22.91475
2025-01-02 03:00:00+00:00,101.19115
2025-01-02 03:00:00+00:00,-7.95909
2025-01-02 04:00:00+00:00,-7.98938
2025-01-02 04:00:00+00:00,-22.56094
2025-01-02 04:00:00+00:00,-7.16053
2025-01-02 05:00:00+00:00,-7.98363
2025-01-02 05:00:00+00:00,-21.41505
2025-01-02 05:00:00+00:00,-6.36729
2025-01-02 06:00:00+00:00,-7.94499
2025-01-02 06:00:00+00:00,-21.47684
2025-01-02 06:00:00+00:00,-5.90643
2025-01-02 07:00:00+00:00,-21.62071
2025-01-02 07:00:00+00:00,-7.91818
2025-01-02 07:00:00+00:00,-5.84401
2025-01-02 08:00:00+00:00,-5.87511
2025-01-02 08:00:00+00:00,-7.91981
2025-01-02 08:00:00+00:00,-22.07918
2025-01-02 09:00:00+00:00,-7.92749
2025-01-02 09:00:00+00:00,-5.87351
2025-01-02 09:00:00+00:00,-21.85212
2025-01-02 10:00:00+00:00,-22.08072
2025-01-02 10:00:00+00:00,-8.83978
2025-01-02 10:00:00+00:00,-5.85141
2025-01-02 11:00:00+00:00,-7.99673
2025-01-02 11:00:00+00:00,-22.79738
2025-01-02 11:00:00+00:00,-5.8584
2025-01-02 12:00:00+00:00,-22.53019
2025-01-02 12:00:00+00:00,-5.86616
2025-01-02 12:00:00+00:00,-7.92169
2025-01-02 13:00:00+00:00,-5.81608
2025-01-02 13:00:00+00:00,-7.8984
2025-01-02 13:00:00+00:00,-22.79875
2025-01-02 14:00:00+00:00,-4.92085
2025-01-02 14:00:00+00:00,-5.91937
2025-01-02 14:00:00+00:00,-8.08272
2025-01-02 15:00:00+00:00,150.47741
2025-01-02 15:00:00+00:00,70.30003
2025-01-02 15:00:00+00:00,1996.56953
2025-01-02 16:00:00+00:00,1134.66779
2025-01-02 16:00:00+00:00,684.76468
2025-01-02 16:00:00+00:00,6974.07776
2025-01-02 17:00:00+00:00,8981.37495
2025-01-02 17:00:00+00:00,1883.64542
2025-01-02 17:00:00+00:00,1037.43123
2025-01-02 18:00:00+00:00,9191.13749
2025-01-02 18:00:00+00:00,970.03375
2025-01-02 18:00:00+00:00,1989.77948
2025-01-02 19:00:00+00:00,1965.6722
2025-01-02 19:00:00+00:00,8952.24176
2025-01-02 19:00:00+00:00,921.145
2025-01-02 20:00:00+00:00,9033.96221
2025-01-02 20:00:00+00:00,1965.63497
2025-01-02 20:00:00+00:00,948.82111
2025-01-02 21:00:00+00:00,9230.09222
2025-01-02 21:00:00+00:00,2009.50138
2025-01-02 21:00:00+00:00,897.47137
2025-01-02 22:00:00+00:00,1823.37562
2025-01-02 22:00:00+00:00,1158.84343
2025-01-02 22:00:00+00:00,8833.05556
2025-01-02 23:00:00+00:00,1258.17911
2025-01-02 23:00:00+00:00,5589.00283
2025-01-02 23:00:00+00:00,901.66708
2025-01-03 00:00:00+00:00,233.69511
2025-01-03 00:00:00+00:00,177.50828
2025-01-03 00:00:00+00:00,895.17296
2025-01-03 01:00:00+00:00,-8.99101
2025-01-03 01:00:00+00:00,169.70995
2025-01-03 01:00:00+00:00,5.84731
2025-01-03 02:00:00+00:00,-38.85677
2025-01-03 02:00:00+00:00,-7.40149
2025-01-03 02:00:00+00:00,-7.91376
2025-01-03 03:00:00+00:00,-7.84274
2025-01-03 03:00:00+00:00,-6.14894
2025-01-03 03:00:00+00:00,-38.80315
2025-01-03 04:00:00+00:00,-6.0081
2025-01-03 04:00:00+00:00,-7.83937
2025-01-03 04:00:00+00:00,-38.21774
2025-01-03 05:00:00+00:00,-36.64392
2025-01-03 05:00:00+00:00,-7.91412
2025-01-03 05:00:00+00:00,-6.16304
2025-01-03 06:00:00+00:00,-7.95575
2025-01-03 06:00:00+00:00,-37.15419
2025-01-03 06:00:00+00:00,-6.05199
2025-01-03 07:00:00+00:00,-37.47423
2025-01-03 07:00:00+00:00,-5.94064
2025-01-03 07:00:00+00:00,-7.90691
2025-01-03 08:00:00+00:00,-40.48494
2025-01-03 08:00:00+00:00,-7.8835
2025-01-03 08:00:00+00:00,-5.86658
2025-01-03 09:00:00+00:00,-7.88361
2025-01-03 09:00:00+00:00,-5.96654
2025-01-03 09:00:00+00:00,-37.5633
2025-01-03 10:00:00+00:00,-7.9081
2025-01-03 10:00:00+00:00,-37.86069
2025-01-03 10:00:00+00:00,-5.99766
2025-01-03 11:00:00+00:00,-37.8566
2025-01-03 11:00:00+00:00,-7.9197
2025-01-03 11:00:00+00:00,-6.02607
2025-01-03 12:00:00+00:00,-5.97654
2025-01-03 12:00:00+00:00,-37.90143
2025-01-03 12:00:00+00:00,-7.88614
2025-01-03 13:00:00+00:00,-37.60859
2025-01-03 13:00:00+00:00,-5.84035
2025-01-03 13:00:00+00:00,-7.7095
2025-01-03 14:00:00+00:00,-27.63741
2025-01-03 14:00:00+00:00,-8.01316
2025-01-03 14:00:00+00:00,-5.93314
2025-01-03 15:00:00+00:00,2.98656
2025-01-03 15:00:00+00:00,28.00858
2025-01-03 15:00:00+00:00,1150.35014
2025-01-03 16:00:00+00:00,4073.52491
2025-01-03 16:00:00+00:00,312.23841
2025-01-03 16:00:00+00:00,98.30071
2025-01-03 17:00:00+00:00,5146.48899
2025-01-03 17:00:00+00:00,469.99881
2025-01-03 17:00:00+00:00,214.36013
2025-01-03 18:00:00+00:00,852.82457
2025-01-03 18:00:00+00:00,357.72803
2025-01-03 18:00:00+00:00,6278.7271
2025-01-03 19:00:00+00:00,713.59508
2025-01-03 19:00:00+00:00,1270.14667
2025-01-03 19:00:00+00:00,6870.36151
2025-01-03 20:00:00+00:00,1717.11282
2025-01-03 20:00:00+00:00,6541.68435
2025-01-03 20:00:00+00:00,838.04205
2025-01-03 21:00:00+00:00,6093.29741
2025-01-03 21:00:00+00:00,557.15938
2025-01-03 21:00:00+00:00,1879.02909
2025-01-03 22:00:00+00:00,5975.80265
2025-01-03 22:00:00+00:00,1306.64802
2025-01-03 22:00:00+00:00,350.35954
2025-01-03 23:00:00+00:00,3814.5976
2025-01-03 23:00:00+00:00,204.2133
2025-01-03 23:00:00+00:00,676.51399
2025-01-04 00:00:00+00:00,87.33557
2025-01-04 00:00:00+00:00,534.56687
2025-01-04 00:00:00+00:00,36.45717
2025-01-04 01:00:00+00:00,-8.90001
2025-01-04 01:00:00+00:00,-39.18913
2025-01-04 01:00:00+00:00,-6.33884
2025-01-04 02:00:00+00:00,-34.65904
2025-01-04 02:00:00+00:00,-7.77822
2025-01-04 02:00:00+00:00,-5.56328
2025-01-04 03:00:00+00:00,-34.69661
2025-01-04 03:00:00+00:00,-7.7507
2025-01-04 03:00:00+00:00,-5.43179
2025-01-04 04:00:00+00:00,-33.74372
2025-01-04 04:00:00+00:00,-7.78843
2025-01-04 04:00:00+00:00,-5.29927
2025-01-04 05:00:00+00:00,-5.30342
2025-01-04 05:00:00+00:00,-31.81669
2025-01-04 05:00:00+00:00,-7.88257
2025-01-04 06:00:00+00:00,-5.13463
2025-01-04 06:00:00+00:00,-7.8476
2025-01-04 06:00:00+00:00,-30.79994
2025-01-04 07:00:00+00:00,-31.2934
2025-01-04 07:00:00+00:00,-5.12217
2025-01-04 07:00:00+00:00,-7.87731
2025-01-04 08:00:00+00:00,-5.02747
2025-01-04 08:00:00+00:00,-33.71671
2025-01-04 08:00:00+00:00,-7.8487
2025-01-04 09:00:00+00:00,-33.78839
2025-01-04 09:00:00+00:00,-5.11844
2025-01-04 09:00:00+00:00,-7.89916
2025-01-04 10:00:00+00:00,-33.80535
2025-01-04 10:00:00+00:00,-5.15158
2025-01-04 10:00:00+00:00,-7.88016
2025-01-04 11:00:00+00:00,-5.17642
2025-01-04 11:00:00+00:00,-7.92476
2025-01-04 11:00:00+00:00,-37.35987
2025-01-04 12:00:00+00:00,-34.39171
2025-01-04 12:00:00+00:00,-7.93038
2025-01-04 12:00:00+00:00,-5.14299
2025-01-04 13:00:00+00:00,-7.91192
2025-01-04 13:00:00+00:00,-34.26068
2025-01-04 13:00:00+00:00,-5.15706
2025-01-04 14:00:00+00:00,-5.38676
2025-01-04 14:00:00+00:00,-14.75146
2025-01-04 14:00:00+00:00,-8.1947
2025-01-04 15:00:00+00:00,90.35831
2025-01-04 15:00:00+00:00,1426.89086
2025-01-04 15:00:00+00:00,119.62681
2025-01-04 16:00:00+00:00,5964.4215
2025-01-04 16:00:00+00:00,781.5513
2025-01-04 16:00:00+00:00,1089.72492
2025-01-04 17:00:00+00:00,1770.26802
2025-01-04 17:00:00+00:00,8369.52552
2025-01-04 17:00:00+00:00,1074.29951
2025-01-04 18:00:00+00:00,1754.8621
2025-01-04 18:00:00+00:00,1106.90844
2025-01-04 18:00:00+00:00,8652.20149
2025-01-04 19:00:00+00:00,1906.87016
2025-01-04 19:00:00+00:00,1031.71335
2025-01-04 19:00:00+00:00,8445.33585
2025-01-04 20:00:00+00:00,1612.69421
2025-01-04 20:00:00+00:00,8283.68231
2025-01-04 20:00:00+00:00,1005.63559
2025-01-04 21:00:00+00:00,7914.67274
2025-01-04 21:00:00+00:00,1110.54842
2025-01-04 21:00:00+00:00,883.31302
2025-01-04 22:00:00+00:00,953.46437
2025-01-04 22:00:00+00:00,1271.10129
2025-01-04 22:00:00+00:00,7232.43139
2025-01-04 23:00:00+00:00,444.17355
2025-01-04 23:00:00+00:00,3993.78321
2025-01-04 23:00:00+00:00,788.42827
2025-01-05 00:00:00+00:00,100.32641
2025-01-05 00:00:00+00:00,502.06598
2025-01-05 00:00:00+00:00,117.26117
2025-01-05 01:00:00+00:00,-6.006
2025-01-05 01:00:00+00:00,-41.52094
2025-01-05 01:00:00+00:00,-8.89532
2025-01-05 02:00:00+00:00,-5.37178
2025-01-05 02:00:00+00:00,-37.34938
2025-01-05 02:00:00+00:00,-7.79716
2025-01-05 03:00:00+00:00,-8.93988
2025-01-05 03:00:00+00:00,-36.21557
2025-01-05 03:00:00+00:00,-4.78341
2025-01-05 04:00:00+00:00,-7.88381
2025-01-05 04:00:00+00:00,-4.81312
2025-01-05 04:00:00+00:00,-34.75521
2025-01-05 05:00:00+00:00,-7.85845
2025-01-05 05:00:00+00:00,-34.5926
2025-01-05 05:00:00+00:00,-4.7553
2025-01-05 06:00:00+00:00,-34.9187
2025-01-05 06:00:00+00:00,-7.88646
2025-01-05 06:00:00+00:00,-5.15775
2025-01-05 07:00:00+00:00,-7.89902
2025-01-05 07:00:00+00:00,-34.8072
2025-01-05 07:00:00+00:00,-4.85679
2025-01-05 08:00:00+00:00,-4.77551
2025-01-05 08:00:00+00:00,-7.93754
2025-01-05 08:00:00+00:00,-34.47207
2025-01-05 09:00:00+00:00,-7.98415
2025-01-05 09:00:00+00:00,-34.83665
2025-01-05 09:00:00+00:00,-4.81648
2025-01-05 10:00:00+00:00,-34.68396
2025-01-05 10:00:00+00:00,-4.97349
2025-01-05 10:00:00+00:00,-8.83618
2025-01-05 11:00:00+00:00,-4.99104
2025-01-05 11:00:00+00:00,-35.02435
2025-01-05 11:00:00+00:00,-8.00726
2025-01-05 12:00:00+00:00,-35.07835
2025-01-05 12:00:00+00:00,-7.95633
2025-01-05 12:00:00+00:00,-5.07614
2025-01-05 13:00:00+00:00,-5.15295
2025-01-05 13:00:00+00:00,-7.95899
2025-01-05 13:00:00+00:00,-35.32936
2025-01-05 14:00:00+00:00,-16.82605
2025-01-05 14:00:00+00:00,-5.40128
2025-01-05 14:00:00+00:00,-8.30619
2025-01-05 15:00:00+00:00,106.44009
2025-01-05 15:00:00+00:00,1720.26544
2025-01-05 15:00:00+00:00,56.62755
2025-01-05 16:00:00+00:00,775.80301
2025-01-05 16:00:00+00:00,5931.5394
2025-01-05 16:00:00+00:00,1097.98858
2025-01-05 17:00:00+00:00,1808.33455
2025-01-05 17:00:00+00:00,8082.43438
2025-01-05 17:00:00+00:00,977.39816
2025-01-05 18:00:00+00:00,1981.39735
2025-01-05 18:00:00+00:00,8471.54144
2025-01-05 18:00:00+00:00,1159.91358
2025-01-05 19:00:00+00:00,8699.8484
2025-01-05 19:00:00+00:00,1946.99775
2025-01-05 19:00:00+00:00,1225.80746
2025-01-05 20:00:00+00:00,8747.98002
2025-01-05 20:00:00+00:00,1236.08376
2025-01-05 20:00:00+00:00,1958.86616
2025-01-05 21:00:00+00:00,8838.25418
2025-01-05 21:00:00+00:00,2008.47816
2025-01-05 21:00:00+00:00,1323.24727
2025-01-05 22:00:00+00:00,2003.9518
2025-01-05 22:00:00+00:00,1295.67997
2025-01-05 22:00:00+00:00,8507.61549
2025-01-05 23:00:00+00:00,5366.48843
2025-01-05 23:00:00+00:00,864.48396
2025-01-05 23:00:00+00:00,1388.60087
2025-01-06 00:00:00+00:00,219.98864
2025-01-06 00:00:00+00:00,882.61332
2025-01-06 00:00:00+00:00,270.57049
2025-01-06 01:00:00+00:00,-8.93664
2025-01-06 01:00:00+00:00,-42.73312
2025-01-06 01:00:00+00:00,-5.77305
2025-01-06 02:00:00+00:00,-7.94762
2025-01-06 02:00:00+00:00,-4.93622
2025-01-06 02:00:00+00:00,-38.46643
2025-01-06 03:00:00+00:00,-7.97152
2025-01-06 03:00:00+00:00,-36.37734
2025-01-06 03:00:00+00:00,-4.67901
2025-01-06 04:00:00+00:00,-4.54111
2025-01-06 04:00:00+00:00,-7.93963
2025-01-06 04:00:00+00:00,-34.85609
2025-01-06 05:00:00+00:00,-4.65917
2025-01-06 05:00:00+00:00,-35.44811
2025-01-06 05:00:00+00:00,-7.89685
2025-01-06 06:00:00+00:00,-4.64117
2025-01-06 06:00:00+00:00,-35.5952
2025-01-06 06:00:00+00:00,-7.9296
2025-01-06 07:00:00+00:00,-35.17478
2025-01-06 07:00:00+00:00,-7.93639
2025-01-06 07:00:00+00:00,-4.65848
2025-01-06 08:00:00+00:00,-7.96906
2025-01-06 08:00:00+00:00,-4.69178
2025-01-06 08:00:00+00:00,-35.06983
2025-01-06 09:00:00+00:00,-7.99351
2025-01-06 09:00:00+00:00,-4.66352
2025-01-06 09:00:00+00:00,-35.41739
2025-01-06 10:00:00+00:00,-8.86721
2025-01-06 10:00:00+00:00,-4.62896
2025-01-06 10:00:00+00:00,-35.7999
2025-01-06 11:00:00+00:00,-4.72477
2025-01-06 11:00:00+00:00,-8.04069
2025-01-06 11:00:00+00:00,-36.44072
2025-01-06 12:00:00+00:00,-7.96661
2025-01-06 12:00:00+00:00,-36.34784
2025-01-06 12:00:00+00:00,-4.7358
2025-01-06 13:00:00+00:00,-36.16878
2025-01-06 13:00:00+00:00,-4.94951
2025-01-06 13:00:00+00:00,-7.87539
2025-01-06 14:00:00+00:00,-20.68387
2025-01-06 14:00:00+00:00,-5.18662
2025-01-06 14:00:00+00:00,-8.24932
2025-01-06 15:00:00+00:00,1871.98053
2025-01-06 15:00:00+00:00,151.57307
2025-01-06 15:00:00+00:00,71.94872
2025-01-06 16:00:00+00:00,716.93066
2025-01-06 16:00:00+00:00,1221.61664
2025-01-06 16:00:00+00:00,6794.23974
2025-01-06 17:00:00+00:00,8935.32088
2025-01-06 17:00:00+00:00,1936.44279
2025-01-06 17:00:00+00:00,1157.28801
2025-01-06 18:00:00+00:00,1225.13229
2025-01-06 18:00:00+00:00,2022.65211
2025-01-06 18:00:00+00:00,9197.44269
2025-01-06 19:00:00+00:00,1237.76278
2025-01-06 19:00:00+00:00,1971.70733
2025-01-06 19:00:00+00:00,8880.96816
2025-01-06 20:00:00+00:00,8930.22283
2025-01-06 20:00:00+00:00,1934.13419
2025-01-06 20:00:00+00:00,1188.89329
2025-01-06 21:00:00+00:00,1055.05223
2025-01-06 21:00:00+00:00,9057.09368
2025-01-06 21:00:00+00:00,1801.4621
2025-01-06 22:00:00+00:00,1058.31192
2025-01-06 22:00:00+00:00,1506.09177
2025-01-06 22:00:00+00:00,8172.54086
2025-01-06 23:00:00+00:00,4754.57169
2025-01-06 23:00:00+00:00,1181.72868
2025-01-06 23:00:00+00:00,878.21558
2025-01-07 00:00:00+00:00,895.64502
2025-01-07 00:00:00+00:00,174.37462
2025-01-07 00:00:00+00:00,203.66285
2025-01-07 01:00:00+00:00,-34.61882
2025-01-07 01:00:00+00:00,-0.09828
2025-01-07 01:00:00+00:00,42.29461
2025-01-07 02:00:00+00:00,-34.87972
2025-01-07 02:00:00+00:00,1.12794
2025-01-07 02:00:00+00:00,38.79611
2025-01-07 03:00:00+00:00,-6.22745
2025-01-07 03:00:00+00:00,-33.62813
2025-01-07 03:00:00+00:00,1.11411
2025-01-07 04:00:00+00:00,-32.928
2025-01-07 04:00:00+00:00,-6.37195
2025-01-07 04:00:00+00:00,1.16687
2025-01-07 05:00:00+00:00,1.13083
2025-01-07 05:00:00+00:00,-6.47578
2025-01-07 05:00:00+00:00,-33.57069
2025-01-07 06:00:00+00:00,-34.27941
2025-01-07 06:00:00+00:00,1.03922
2025-01-07 06:00:00+00:00,-6.37834
2025-01-07 07:00:00+00:00,-33.96753
2025-01-07 07:00:00+00:00,-6.38455
2025-01-07 07:00:00+00:00,1.17618
2025-01-07 08:00:00+00:00,-6.45997
2025-01-07 08:00:00+00:00,-33.96677
2025-01-07 08:00:00+00:00,1.18291
2025-01-07 09:00:00+00:00,-44.28061
2025-01-07 09:00:00+00:00,-6.46617
2025-01-07 09:00:00+00:00,1.0944
2025-01-07 10:00:00+00:00,-33.64572
2025-01-07 10:00:00+00:00,-6.40397
2025-01-07 10:00:00+00:00,1.04727
2025-01-07 11:00:00+00:00,1.12257
2025-01-07 11:00:00+00:00,-34.13439
2025-01-07 11:00:00+00:00,-6.40458
2025-01-07 12:00:00+00:00,1.13602
2025-01-07 12:00:00+00:00,-6.38934
2025-01-07 12:00:00+00:00,-34.37074
2025-01-07 13:00:00+00:00,-33.52848
2025-01-07 13:00:00+00:00,1.22384
2025-01-07 13:00:00+00:00,-6.40288
2025-01-07 14:00:00+00:00,-23.89317
2025-01-07 14:00:00+00:00,-2.35581
2025-01-07 14:00:00+00:00,-6.23397
2025-01-07 15:00:00+00:00,49.37755
2025-01-07 15:00:00+00:00,1041.75858
2025-01-07 15:00:00+00:00,39.04367
2025-01-07 16:00:00+00:00,650.58371
2025-01-07 16:00:00+00:00,647.45599
2025-01-07 16:00:00+00:00,4106.38209
2025-01-07 17:00:00+00:00,6245.51585
2025-01-07 17:00:00+00:00,1255.214
2025-01-07 17:00:00+00:00,1173.06417
2025-01-07 18:00:00+00:00,7179.65632
2025-01-07 18:00:00+00:00,1262.03719
2025-01-07 18:00:00+00:00,1542.07436
2025-01-07 19:00:00+00:00,1756.57276
2025-01-07 19:00:00+00:00,7278.58268
2025-01-07 19:00:00+00:00,1264.53294
2025-01-07 20:00:00+00:00,7750.441
2025-01-07 20:00:00+00:00,1800.78287
2025-01-07 20:00:00+00:00,1190.21037
2025-01-07 21:00:00+00:00,1779.59027
2025-01-07 21:00:00+00:00,7648.5854
2025-01-07 21:00:00+00:00,1179.05618
2025-01-07 22:00:00+00:00,1781.72379
2025-01-07 22:00:00+00:00,1351.84878
2025-01-07 22:00:00+00:00,6169.53467
2025-01-07 23:00:00+00:00,1024.67093
2025-01-07 23:00:00+00:00,1368.04071
2025-01-07 23:00:00+00:00,3763.8671
2025-01-08 00:00:00+00:00,264.44002
2025-01-08 00:00:00+00:00,563.11792
2025-01-08 00:00:00+00:00,175.04246
2025-01-08 01:00:00+00:00,-8.86854
2025-01-08 01:00:00+00:00,-39.28812
2025-01-08 01:00:00+00:00,21.22787
2025-01-08 02:00:00+00:00,-37.41665
2025-01-08 02:00:00+00:00,-6.8657
2025-01-08 02:00:00+00:00,-7.8684
2025-01-08 03:00:00+00:00,-6.63174
2025-01-08 03:00:00+00:00,-7.93345
2025-01-08 03:00:00+00:00,-35.55047
2025-01-08 04:00:00+00:00,-8.09591
2025-01-08 04:00:00+00:00,-6.23225
2025-01-08 04:00:00+00:00,-34.91194
2025-01-08 05:00:00+00:00,-7.89687
2025-01-08 05:00:00+00:00,-6.79779
2025-01-08 05:00:00+00:00,-40.77914
2025-01-08 06:00:00+00:00,-7.92885
2025-01-08 06:00:00+00:00,-6.29268
2025-01-08 06:00:00+00:00,-35.17572
2025-01-08 07:00:00+00:00,-6.26496
2025-01-08 07:00:00+00:00,-7.91546
2025-01-08 07:00:00+00:00,-36.25584
2025-01-08 08:00:00+00:00,-36.01615
2025-01-08 08:00:00+00:00,-6.31709
2025-01-08 08:00:00+00:00,-7.94105
2025-01-08 09:00:00+00:00,-8.06163
2025-01-08 09:00:00+00:00,-36.11676
2025-01-08 09:00:00+00:00,-6.31903
2025-01-08 10:00:00+00:00,-8.82827
2025-01-08 10:00:00+00:00,-36.57248
2025-01-08 10:00:00+00:00,-6.33558
2025-01-08 11:00:00+00:00,-8.01905
2025-01-08 11:00:00+00:00,-36.60661
2025-01-08 11:00:00+00:00,-6.35413
2025-01-08 12:00:00+00:00,-7.94913
2025-01-08 12:00:00+00:00,-6.38593
2025-01-08 12:00:00+00:00,-36.53784
2025-01-08 13:00:00+00:00,-36.53393
2025-01-08 13:00:00+00:00,-6.27351
2025-01-08 13:00:00+00:00,-7.84504
2025-01-08 14:00:00+00:00,-30.87525
2025-01-08 14:00:00+00:00,-6.37647
2025-01-08 14:00:00+00:00,-8.08617
2025-01-08 15:00:00+00:00,777.55101
2025-01-08 15:00:00+00:00,92.38289
2025-01-08 15:00:00+00:00,19.38111
2025-01-08 16:00:00+00:00,358.25216
2025-01-08 16:00:00+00:00,391.9922
2025-01-08 16:00:00+00:00,3998.22649
2025-01-08 17:00:00+00:00,5861.00229
2025-01-08 17:00:00+00:00,956.2647
2025-01-08 17:00:00+00:00,699.00839
2025-01-08 18:00:00+00:00,979.62905
2025-01-08 18:00:00+00:00,7724.93896
2025-01-08 18:00:00+00:00,1115.17799
2025-01-08 19:00:00+00:00,8313.30825
2025-01-08 19:00:00+00:00,1234.76437
2025-01-08 19:00:00+00:00,987.24586
2025-01-08 20:00:00+00:00,1138.33417
2025-01-08 20:00:00+00:00,1350.76518
2025-01-08 20:00:00+00:00,8783.75238
2025-01-08 21:00:00+00:00,1631.58746
2025-01-08 21:00:00+00:00,9143.93846
2025-01-08 21:00:00+00:00,1267.88173
2025-01-08 22:00:00+00:00,1875.23938
2025-01-08 22:00:00+00:00,1382.67706
2025-01-08 22:00:00+00:00,8721.97557
2025-01-08 23:00:00+00:00,1489.51847
2025-01-08 23:00:00+00:00,5974.93341
2025-01-08 23:00:00+00:00,1093.02436
2025-01-09 00:00:00+00:00,1055.74217
2025-01-09 00:00:00+00:00,323.80148
2025-01-09 00:00:00+00:00,247.97399
2025-01-09 01:00:00+00:00,-0.18494
2025-01-09 01:00:00+00:00,15.29417
2025-01-09 01:00:00+00:00,18.01579
2025-01-09 02:00:00+00:00,-35.38482
2025-01-09 02:00:00+00:00,-7.83625
2025-01-09 02:00:00+00:00,-6.22735
2025-01-09 03:00:00+00:00,-35.35924
2025-01-09 03:00:00+00:00,-5.36925
2025-01-09 03:00:00+00:00,-7.94612
2025-01-09 04:00:00+00:00,-7.9463
2025-01-09 04:00:00+00:00,-5.25377
2025-01-09 04:00:00+00:00,-34.97183
2025-01-09 05:00:00+00:00,-5.34862
2025-01-09 05:00:00+00:00,-7.92087
2025-01-09 05:00:00+00:00,-34.36693
2025-01-09 06:00:00+00:00,-8.00109
2025-01-09 06:00:00+00:00,-5.66035
2025-01-09 06:00:00+00:00,-34.62556
2025-01-09 07:00:00+00:00,-5.58386
2025-01-09 07:00:00+00:00,-35.12903
2025-01-09 07:00:00+00:00,-8.07048
2025-01-09 08:00:00+00:00,-5.56081
2025-01-09 08:00:00+00:00,-8.02146
2025-01-09 08:00:00+00:00,-35.04583
2025-01-09 09:00:00+00:00,-35.3407
2025-01-09 09:00:00+00:00,-5.59458
2025-01-09 09:00:00+00:00,-7.9359
2025-01-09 10:00:00+00:00,-5.78509
2025-01-09 10:00:00+00:00,-35.00537
2025-01-09 10:00:00+00:00,-8.81832
2025-01-09 11:00:00+00:00,-5.99902
2025-01-09 11:00:00+00:00,-35.20664
2025-01-09 11:00:00+00:00,-7.9888
2025-01-09 12:00:00+00:00,-6.12511
2025-01-09 12:00:00+00:00,-35.8401
2025-01-09 12:00:00+00:00,-7.94252
2025-01-09 13:00:00+00:00,-6.12043
2025-01-09 13:00:00+00:00,-35.36816
2025-01-09 13:00:00+00:00,-7.89941
2025-01-09 14:00:00+00:00,-17.54514
2025-01-09 14:00:00+00:00,-6.31975
2025-01-09 14:00:00+00:00,-8.21845
2025-01-09 15:00:00+00:00,96.31457
2025-01-09 15:00:00+00:00,199.40857
2025-01-09 15:00:00+00:00,2109.51103
2025-01-09 16:00:00+00:00,7165.00638
2025-01-09 16:00:00+00:00,1369.58428
2025-01-09 16:00:00+00:00,886.0687
2025-01-09 17:00:00+00:00,9045.95204
2025-01-09 17:00:00+00:00,2050.33187
2025-01-09 17:00:00+00:00,1216.31846
2025-01-09 18:00:00+00:00,2104.85283
2025-01-09 18:00:00+00:00,9303.44115
2025-01-09 18:00:00+00:00,1215.22095
2025-01-09 19:00:00+00:00,1119.28765
2025-01-09 19:00:00+00:00,2043.01282
2025-01-09 19:00:00+00:00,9221.78575
2025-01-09 20:00:00+00:00,9269.82477
2025-01-09 20:00:00+00:00,1067.15617
2025-01-09 20:00:00+00:00,1995.84037
2025-01-09 21:00:00+00:00,9336.64807
2025-01-09 21:00:00+00:00,1585.72439
2025-01-09 21:00:00+00:00,1077.88062
2025-01-09 22:00:00+00:00,9023.7467
2025-01-09 22:00:00+00:00,1080.49297
2025-01-09 22:00:00+00:00,1293.73505
2025-01-09 23:00:00+00:00,1286.34129
2025-01-09 23:00:00+00:00,6367.91378
2025-01-09 23:00:00+00:00,1005.55205
2025-01-10 00:00:00+00:00,1412.54264
2025-01-10 00:00:00+00:00,327.25555
2025-01-10 00:00:00+00:00,293.53813
2025-01-10 01:00:00+00:00,-28.33771
2025-01-10 01:00:00+00:00,-8.75645
2025-01-10 01:00:00+00:00,-4.6963
2025-01-10 02:00:00+00:00,-32.35521
2025-01-10 02:00:00+00:00,-7.90062
2025-01-10 02:00:00+00:00,-6.22324
2025-01-10 03:00:00+00:00,-31.25456
2025-01-10 03:00:00+00:00,-7.89199
2025-01-10 03:00:00+00:00,-2.51506
2025-01-10 04:00:00+00:00,-8.40266
2025-01-10 04:00:00+00:00,-31.53227
2025-01-10 04:00:00+00:00,93.03119
2025-01-10 05:00:00+00:00,-2.13199
2025-01-10 05:00:00+00:00,-32.10419
2025-01-10 05:00:00+00:00,-7.89625
2025-01-10 06:00:00+00:00,-33.44349
2025-01-10 06:00:00+00:00,-7.91896
2025-01-10 06:00:00+00:00,-5.43981
2025-01-10 07:00:00+00:00,-7.92228
2025-01-10 07:00:00+00:00,-35.80407
2025-01-10 07:00:00+00:00,-5.1436
2025-01-10 08:00:00+00:00,-34.72049
2025-01-10 08:00:00+00:00,-5.16741
2025-01-10 08:00:00+00:00,-7.88816
2025-01-10 09:00:00+00:00,-8.00281
2025-01-10 09:00:00+00:00,-5.2764
2025-01-10 09:00:00+00:00,-34.82465
2025-01-10 10:00:00+00:00,-5.31078
2025-01-10 10:00:00+00:00,-8.87862
2025-01-10 10:00:00+00:00,-35.04198
2025-01-10 11:00:00+00:00,-8.01851
2025-01-10 11:00:00+00:00,-5.41663
2025-01-10 11:00:00+00:00,-36.18506
2025-01-10 12:00:00+00:00,-33.99711
2025-01-10 12:00:00+00:00,-5.54529
2025-01-10 12:00:00+00:00,-7.88101
2025-01-10 13:00:00+00:00,-5.88994
2025-01-10 13:00:00+00:00,-33.43382
2025-01-10 13:00:00+00:00,-7.82436
2025-01-10 14:00:00+00:00,-16.69325
2025-01-10 14:00:00+00:00,-5.93238
2025-01-10 14:00:00+00:00,-8.17165
2025-01-10 15:00:00+00:00,193.84607
2025-01-10 15:00:00+00:00,94.29367
2025-01-10 15:00:00+00:00,2038.43129
2025-01-10 16:00:00+00:00,1359.92865
2025-01-10 16:00:00+00:00,866.7071
2025-01-10 16:00:00+00:00,7312.96728
2025-01-10 17:00:00+00:00,1261.89847
2025-01-10 17:00:00+00:00,2048.99083
2025-01-10 17:00:00+00:00,9068.09384
2025-01-10 18:00:00+00:00,2106.93189
2025-01-10 18:00:00+00:00,1272.88805
2025-01-10 18:00:00+00:00,9014.81424
2025-01-10 19:00:00+00:00,1215.18286
2025-01-10 19:00:00+00:00,8784.47575
2025-01-10 19:00:00+00:00,2057.6501
2025-01-10 20:00:00+00:00,1262.66579
2025-01-10 20:00:00+00:00,8788.20883
2025-01-10 20:00:00+00:00,2034.55001
2025-01-10 21:00:00+00:00,1819.74182
2025-01-10 21:00:00+00:00,8790.65054
2025-01-10 21:00:00+00:00,1241.34423
2025-01-10 22:00:00+00:00,1169.50083
2025-01-10 22:00:00+00:00,8772.64677
2025-01-10 22:00:00+00:00,1349.30056
2025-01-10 23:00:00+00:00,971.23847
2025-01-10 23:00:00+00:00,1216.58264
2025-01-10 23:00:00+00:00,6291.25206
2025-01-11 00:00:00+00:00,333.44409
2025-01-11 00:00:00+00:00,308.32012
2025-01-11 00:00:00+00:00,1179.24059
2025-01-11 01:00:00+00:00,-8.66941
2025-01-11 01:00:00+00:00,20.4614
2025-01-11 01:00:00+00:00,30.43994
2025-01-11 02:00:00+00:00,-7.84393
2025-01-11 02:00:00+00:00,-7.45467
2025-01-11 02:00:00+00:00,-31.43168
2025-01-11 03:00:00+00:00,-6.66835
2025-01-11 03:00:00+00:00,-7.88277
2025-01-11 03:00:00+00:00,-31.82682
2025-01-11 04:00:00+00:00,-8.73769
2025-01-11 04:00:00+00:00,-6.62694
2025-01-11 04:00:00+00:00,-31.02905
2025-01-11 05:00:00+00:00,-7.05274
2025-01-11 05:00:00+00:00,-7.94203
2025-01-11 05:00:00+00:00,-31.16999
2025-01-11 06:00:00+00:00,-30.43766
2025-01-11 06:00:00+00:00,-7.96048
2025-01-11 06:00:00+00:00,-6.8053
2025-01-11 07:00:00+00:00,-7.96648
2025-01-11 07:00:00+00:00,-6.55773
2025-01-11 07:00:00+00:00,-30.50245
2025-01-11 08:00:00+00:00,-30.9562
2025-01-11 08:00:00+00:00,-6.57197
2025-01-11 08:00:00+00:00,-7.97896
2025-01-11 09:00:00+00:00,-8.03322
2025-01-11 09:00:00+00:00,-6.64177
2025-01-11 09:00:00+00:00,-31.05775
2025-01-11 10:00:00+00:00,-8.87052
2025-01-11 10:00:00+00:00,-31.03479
2025-01-11 10:00:00+00:00,-6.60567
2025-01-11 11:00:00+00:00,-31.37657
2025-01-11 11:00:00+00:00,-8.07687
2025-01-11 11:00:00+00:00,-6.60245
2025-01-11 12:00:00+00:00,-6.71585
2025-01-11 12:00:00+00:00,-31.82944
2025-01-11 12:00:00+00:00,-7.99635
2025-01-11 13:00:00+00:00,-6.78569
2025-01-11 13:00:00+00:00,-8.04176
2025-01-11 13:00:00+00:00,-32.54846
2025-01-11 14:00:00+00:00,-12.6622
2025-01-11 14:00:00+00:00,-6.88618
2025-01-11 14:00:00+00:00,-8.23505
2025-01-11 15:00:00+00:00,2006.2959
2025-01-11 15:00:00+00:00,159.25257
2025-01-11 15:00:00+00:00,85.09954
2025-01-11 16:00:00+00:00,7068.43899
2025-01-11 16:00:00+00:00,806.19852
2025-01-11 16:00:00+00:00,1230.36698
2025-01-11 17:00:00+00:00,8945.6355
2025-01-11 17:00:00+00:00,1881.47106
2025-01-11 17:00:00+00:00,1273.70662
2025-01-11 18:00:00+00:00,9043.57809
2025-01-11 18:00:00+00:00,2066.65733
2025-01-11 18:00:00+00:00,1240.68175
2025-01-11 19:00:00+00:00,1760.54567
2025-01-11 19:00:00+00:00,8797.39711
2025-01-11 19:00:00+00:00,1141.0831
2025-01-11 20:00:00+00:00,1303.60103
2025-01-11 20:00:00+00:00,1160.10988
2025-01-11 20:00:00+00:00,8364.16104
2025-01-11 21:00:00+00:00,1220.47755
2025-01-11 21:00:00+00:00,1153.65766
2025-01-11 21:00:00+00:00,7896.77678
2025-01-11 22:00:00+00:00,1187.26111
2025-01-11 22:00:00+00:00,1217.29644
2025-01-11 22:00:00+00:00,7428.95068
2025-01-11 23:00:00+00:00,5699.9239
2025-01-11 23:00:00+00:00,1253.21807
2025-01-11 23:00:00+00:00,1104.65583
2025-01-12 00:00:00+00:00,366.59515
2025-01-12 00:00:00+00:00,319.54519
2025-01-12 00:00:00+00:00,1076.7777
2025-01-12 01:00:00+00:00,42.10747
2025-01-12 01:00:00+00:00,-8.37837
2025-01-12 01:00:00+00:00,-29.10857
2025-01-12 02:00:00+00:00,-7.90791
2025-01-12 02:00:00+00:00,41.90581
2025-01-12 02:00:00+00:00,-30.21843
2025-01-12 03:00:00+00:00,42.59963
2025-01-12 03:00:00+00:00,-31.08364
2025-01-12 03:00:00+00:00,-7.9582
2025-01-12 04:00:00+00:00,-7.82006
2025-01-12 04:00:00+00:00,-32.00885
2025-01-12 04:00:00+00:00,42.69156
2025-01-12 05:00:00+00:00,3.47945
2025-01-12 05:00:00+00:00,-7.86166
2025-01-12 05:00:00+00:00,-35.66873
2025-01-12 06:00:00+00:00,-8.64453
2025-01-12 06:00:00+00:00,-6.7584
2025-01-12 06:00:00+00:00,-38.27974
2025-01-12 07:00:00+00:00,-36.44408
2025-01-12 07:00:00+00:00,-8.02359
2025-01-12 07:00:00+00:00,-6.61857
2025-01-12 08:00:00+00:00,-6.75831
2025-01-12 08:00:00+00:00,-36.66104
2025-01-12 08:00:00+00:00,-7.95751
2025-01-12 09:00:00+00:00,-35.42523
2025-01-12 09:00:00+00:00,-9.54677
2025-01-12 09:00:00+00:00,-6.70802
2025-01-12 10:00:00+00:00,-36.60919
2025-01-12 10:00:00+00:00,-8.04715
2025-01-12 10:00:00+00:00,-6.66149
2025-01-12 11:00:00+00:00,-35.71277
2025-01-12 11:00:00+00:00,-8.10322
2025-01-12 11:00:00+00:00,-6.88124
2025-01-12 12:00:00+00:00,-8.13111
2025-01-12 12:00:00+00:00,-7.0216
2025-01-12 12:00:00+00:00,-34.31345
2025-01-12 13:00:00+00:00,-7.14389
2025-01-12 13:00:00+00:00,-8.06057
2025-01-12 13:00:00+00:00,-36.76772
2025-01-12 14:00:00+00:00,-7.43412
2025-01-12 14:00:00+00:00,-8.34229
2025-01-12 14:00:00+00:00,-18.90871
2025-01-12 15:00:00+00:00,207.49662
2025-01-12 15:00:00+00:00,2118.3717
2025-01-12 15:00:00+00:00,102.52956
2025-01-12 16:00:00+00:00,7308.33239
2025-01-12 16:00:00+00:00,1392.25817
2025-01-12 16:00:00+00:00,953.9245
2025-01-12 17:00:00+00:00,9139.42269
2025-01-12 17:00:00+00:00,2022.30281
2025-01-12 17:00:00+00:00,1311.02427
2025-01-12 18:00:00+00:00,9237.56248
2025-01-12 18:00:00+00:00,2115.39131
2025-01-12 18:00:00+00:00,1224.50058
2025-01-12 19:00:00+00:00,9021.94232
2025-01-12 19:00:00+00:00,2133.62661
2025-01-12 19:00:00+00:00,1275.69848
2025-01-12 20:00:00+00:00,2098.74029
2025-01-12 20:00:00+00:00,9061.86726
2025-01-12 20:00:00+00:00,1232.69976
2025-01-12 21:00:00+00:00,1220.6008
2025-01-12 21:00:00+00:00,9243.94268
2025-01-12 21:00:00+00:00,2105.39706
2025-01-12 22:00:00+00:00,1273.59742
2025-01-12 22:00:00+00:00,9133.15327
2025-01-12 22:00:00+00:00,2055.74601
2025-01-12 23:00:00+00:00,6447.05478
2025-01-12 23:00:00+00:00,1472.77289
2025-01-12 23:00:00+00:00,1098.68563
2025-01-13 00:00:00+00:00,313.73744
2025-01-13 00:00:00+00:00,1283.53372
2025-01-13 00:00:00+00:00,385.62111
2025-01-13 01:00:00+00:00,-8.3955
2025-01-13 01:00:00+00:00,35.35837
2025-01-13 01:00:00+00:00,-35.42216
2025-01-13 02:00:00+00:00,-7.85328
2025-01-13 02:00:00+00:00,35.20257
2025-01-13 02:00:00+00:00,-39.09949
2025-01-13 03:00:00+00:00,36.00195
2025-01-13 03:00:00+00:00,-37.70808
2025-01-13 03:00:00+00:00,-7.92395
2025-01-13 04:00:00+00:00,35.95339
2025-01-13 04:00:00+00:00,-37.64114
2025-01-13 04:00:00+00:00,-7.92867
2025-01-13 05:00:00+00:00,36.0355
2025-01-13 05:00:00+00:00,-8.00164
2025-01-13 05:00:00+00:00,-37.99096
2025-01-13 06:00:00+00:00,-8.07382
2025-01-13 06:00:00+00:00,-37.70171
2025-01-13 06:00:00+00:00,36.05887
2025-01-13 07:00:00+00:00,-8.03206
2025-01-13 07:00:00+00:00,36.02821
2025-01-13 07:00:00+00:00,-37.30191
2025-01-13 08:00:00+00:00,3.70823
2025-01-13 08:00:00+00:00,-37.93143
2025-01-13 08:00:00+00:00,-8.00735
2025-01-13 09:00:00+00:00,-8.05929
2025-01-13 09:00:00+00:00,-37.80818
2025-01-13 09:00:00+00:00,-5.90987
2025-01-13 10:00:00+00:00,-6.07317
2025-01-13 10:00:00+00:00,-38.73226
2025-01-13 10:00:00+00:00,-8.83051
2025-01-13 11:00:00+00:00,-38.26058
2025-01-13 11:00:00+00:00,-8.11175
2025-01-13 11:00:00+00:00,-6.53551
2025-01-13 12:00:00+00:00,-38.29083
2025-01-13 12:00:00+00:00,-8.00499
2025-01-13 12:00:00+00:00,-6.83232
2025-01-13 13:00:00+00:00,-7.85107
2025-01-13 13:00:00+00:00,-6.91111
2025-01-13 13:00:00+00:00,-37.61731
2025-01-13 14:00:00+00:00,-6.91592
2025-01-13 14:00:00+00:00,-8.19832
2025-01-13 14:00:00+00:00,-16.1785
2025-01-13 15:00:00+00:00,207.60244
2025-01-13 15:00:00+00:00,104.32396
2025-01-13 15:00:00+00:00,2169.32803
2025-01-13 16:00:00+00:00,912.3878
2025-01-13 16:00:00+00:00,7412.53196
2025-01-13 16:00:00+00:00,1395.06569
2025-01-13 17:00:00+00:00,2049.06837
2025-01-13 17:00:00+00:00,9299.86033
2025-01-13 17:00:00+00:00,1371.36103
2025-01-13 18:00:00+00:00,2184.74384
2025-01-13 18:00:00+00:00,9621.06863
2025-01-13 18:00:00+00:00,1270.689
2025-01-13 19:00:00+00:00,9419.01581
2025-01-13 19:00:00+00:00,1323.0025
2025-01-13 19:00:00+00:00,2142.27942
2025-01-13 20:00:00+00:00,2142.64575
2025-01-13 20:00:00+00:00,9455.05559
2025-01-13 20:00:00+00:00,1299.03106
2025-01-13 21:00:00+00:00,2179.17568
2025-01-13 21:00:00+00:00,9234.69171
2025-01-13 21:00:00+00:00,1381.87251
2025-01-13 22:00:00+00:00,2152.53891
2025-01-13 22:00:00+00:00,9020.09539
2025-01-13 22:00:00+00:00,1371.76767
2025-01-13 23:00:00+00:00,1122.30334
2025-01-13 23:00:00+00:00,1648.15183
2025-01-13 23:00:00+00:00,6513.1825
2025-01-14 00:00:00+00:00,400.84053
2025-01-14 00:00:00+00:00,264.5663
2025-01-14 00:00:00+00:00,1251.44107
2025-01-14 01:00:00+00:00,-38.44194
2025-01-14 01:00:00+00:00,-7.46897
2025-01-14 01:00:00+00:00,-6.16635
2025-01-14 02:00:00+00:00,-39.76654
2025-01-14 02:00:00+00:00,-6.20717
2025-01-14 02:00:00+00:00,-7.32247
2025-01-14 03:00:00+00:00,-5.221
2025-01-14 03:00:00+00:00,-7.35714
2025-01-14 03:00:00+00:00,-37.83526
2025-01-14 04:00:00+00:00,-7.45686
2025-01-14 04:00:00+00:00,-5.16738
2025-01-14 04:00:00+00:00,-38.652
2025-01-14 05:00:00+00:00,-7.468
2025-01-14 05:00:00+00:00,-5.12488
2025-01-14 05:00:00+00:00,-37.7577
2025-01-14 06:00:00+00:00,-38.36785
2025-01-14 06:00:00+00:00,-5.26157
2025-01-14 06:00:00+00:00,-7.41057
2025-01-14 07:00:00+00:00,-38.09062
2025-01-14 07:00:00+00:00,-5.24088
2025-01-14 07:00:00+00:00,-7.42745
2025-01-14 08:00:00+00:00,-38.33043
2025-01-14 08:00:00+00:00,-7.43904
2025-01-14 08:00:00+00:00,-5.24936
2025-01-14 09:00:00+00:00,-38.55256
2025-01-14 09:00:00+00:00,-5.36322
2025-01-14 09:00:00+00:00,-7.42577
2025-01-14 10:00:00+00:00,-38.89088
2025-01-14 10:00:00+00:00,-5.66533
2025-01-14 10:00:00+00:00,-8.3919
2025-01-14 11:00:00+00:00,-7.57557
2025-01-14 11:00:00+00:00,-38.78625
2025-01-14 11:00:00+00:00,-6.02332
2025-01-14 12:00:00+00:00,-38.96248
2025-01-14 12:00:00+00:00,-7.5157
2025-01-14 12:00:00+00:00,-6.51731
2025-01-14 13:00:00+00:00,-38.42995
2025-01-14 13:00:00+00:00,-6.59998
2025-01-14 13:00:00+00:00,-7.29096
2025-01-14 14:00:00+00:00,-7.59777
2025-01-14 14:00:00+00:00,-18.72829
2025-01-14 14:00:00+00:00,-6.5668
2025-01-14 15:00:00+00:00,113.28238
2025-01-14 15:00:00+00:00,205.15122
2025-01-14 15:00:00+00:00,2174.54925
2025-01-14 16:00:00+00:00,946.35335
2025-01-14 16:00:00+00:00,7494.25498
2025-01-14 16:00:00+00:00,1387.41087
2025-01-14 17:00:00+00:00,9430.77998
2025-01-14 17:00:00+00:00,2071.60803
2025-01-14 17:00:00+00:00,1288.0614
2025-01-14 18:00:00+00:00,2134.27726
2025-01-14 18:00:00+00:00,9542.97487
2025-01-14 18:00:00+00:00,1255.19971
2025-01-14 19:00:00+00:00,9360.73514
2025-01-14 19:00:00+00:00,1334.7676
2025-01-14 19:00:00+00:00,2098.22163
2025-01-14 20:00:00+00:00,9454.77665
2025-01-14 20:00:00+00:00,2097.33507
2025-01-14 20:00:00+00:00,1318.47202
2025-01-14 21:00:00+00:00,9367.13396
2025-01-14 21:00:00+00:00,1269.7261
2025-01-14 21:00:00+00:00,1990.68334
2025-01-14 22:00:00+00:00,1635.04657
2025-01-14 22:00:00+00:00,1279.70931
2025-01-14 22:00:00+00:00,8516.52053
2025-01-14 23:00:00+00:00,1108.24807
2025-01-14 23:00:00+00:00,6283.93602
2025-01-14 23:00:00+00:00,1430.36069
2025-01-15 00:00:00+00:00,1271.98906
2025-01-15 00:00:00+00:00,329.13095
2025-01-15 00:00:00+00:00,411.73309
2025-01-15 01:00:00+00:00,-38.45601
2025-01-15 01:00:00+00:00,-6.69916
2025-01-15 01:00:00+00:00,-7.44125
2025-01-15 02:00:00+00:00,-7.48234
2025-01-15 02:00:00+00:00,-40.54307
2025-01-15 02:00:00+00:00,-7.14745
2025-01-15 03:00:00+00:00,-7.46936
2025-01-15 03:00:00+00:00,-39.27781
2025-01-15 03:00:00+00:00,-6.00324
2025-01-15 04:00:00+00:00,-37.95732
2025-01-15 04:00:00+00:00,-6.07558
2025-01-15 04:00:00+00:00,-7.50049
2025-01-15 05:00:00+00:00,-7.48705
2025-01-15 05:00:00+00:00,-37.39049
2025-01-15 05:00:00+00:00,-6.11074
2025-01-15 06:00:00+00:00,-7.39385
2025-01-15 06:00:00+00:00,-35.95338
2025-01-15 06:00:00+00:00,-6.08277
2025-01-15 07:00:00+00:00,-37.19324
2025-01-15 07:00:00+00:00,-6.0818
2025-01-15 07:00:00+00:00,-7.43522
2025-01-15 08:00:00+00:00,-6.16071
2025-01-15 08:00:00+00:00,-37.51842
2025-01-15 08:00:00+00:00,-7.44454
2025-01-15 09:00:00+00:00,-6.22367
2025-01-15 09:00:00+00:00,-37.62202
2025-01-15 09:00:00+00:00,-7.4464
2025-01-15 10:00:00+00:00,-38.05217
2025-01-15 10:00:00+00:00,-6.37623
2025-01-15 10:00:00+00:00,-8.42404
2025-01-15 11:00:00+00:00,-7.56077
2025-01-15 11:00:00+00:00,-38.19717
2025-01-15 11:00:00+00:00,-7.22466
2025-01-15 12:00:00+00:00,-7.66962
2025-01-15 12:00:00+00:00,-38.3509
2025-01-15 12:00:00+00:00,-7.47069
2025-01-15 13:00:00+00:00,-7.66583
2025-01-15 13:00:00+00:00,-7.44969
2025-01-15 13:00:00+00:00,-39.05605
2025-01-15 14:00:00+00:00,-7.70878
2025-01-15 14:00:00+00:00,-16.48306
2025-01-15 14:00:00+00:00,-7.6895
2025-01-15 15:00:00+00:00,210.24256
2025-01-15 15:00:00+00:00,113.74822
2025-01-15 15:00:00+00:00,2214.77683
2025-01-15 16:00:00+00:00,7411.4772
2025-01-15 16:00:00+00:00,968.40996
2025-01-15 16:00:00+00:00,1401.24703
2025-01-15 17:00:00+00:00,1969.97801
2025-01-15 17:00:00+00:00,9131.31308
2025-01-15 17:00:00+00:00,1466.85325
2025-01-15 18:00:00+00:00,2037.59433
2025-01-15 18:00:00+00:00,1412.74101
2025-01-15 18:00:00+00:00,9146.68135
2025-01-15 19:00:00+00:00,2099.64271
2025-01-15 19:00:00+00:00,1294.65717
2025-01-15 19:00:00+00:00,9049.92787
2025-01-15 20:00:00+00:00,9130.02385
2025-01-15 20:00:00+00:00,2082.94285
2025-01-15 20:00:00+00:00,1426.82614
2025-01-15 21:00:00+00:00,1799.04042
2025-01-15 21:00:00+00:00,1474.35085
2025-01-15 21:00:00+00:00,9049.6278
2025-01-15 22:00:00+00:00,1207.57975
2025-01-15 22:00:00+00:00,1371.02046
2025-01-15 22:00:00+00:00,7920.29939
2025-01-15 23:00:00+00:00,1212.93263
2025-01-15 23:00:00+00:00,5962.95975
2025-01-15 23:00:00+00:00,1240.58773
2025-01-16 00:00:00+00:00,1294.44767
2025-01-16 00:00:00+00:00,432.06398
2025-01-16 00:00:00+00:00,435.6539
2025-01-16 01:00:00+00:00,-27.64311
2025-01-16 01:00:00+00:00,18.65648
2025-01-16 01:00:00+00:00,-5.74079
2025-01-16 02:00:00+00:00,-38.6153
2025-01-16 02:00:00+00:00,-7.91453
2025-01-16 02:00:00+00:00,-5.70314
2025-01-16 03:00:00+00:00,-4.80433
2025-01-16 03:00:00+00:00,-7.96466
2025-01-16 03:00:00+00:00,-38.15236
2025-01-16 04:00:00+00:00,-38.3713
2025-01-16 04:00:00+00:00,-8.02762
2025-01-16 04:00:00+00:00,-4.80841
2025-01-16 05:00:00+00:00,-4.82069
2025-01-16 05:00:00+00:00,-37.75373
2025-01-16 05:00:00+00:00,-7.99189
2025-01-16 06:00:00+00:00,-7.97501
2025-01-16 06:00:00+00:00,-38.24803
2025-01-16 06:00:00+00:00,-4.76072
2025-01-16 07:00:00+00:00,-4.76124
2025-01-16 07:00:00+00:00,-8.01742
2025-01-16 07:00:00+00:00,-37.54349
2025-01-16 08:00:00+00:00,-38.28533
2025-01-16 08:00:00+00:00,-8.00053
2025-01-16 08:00:00+00:00,-4.85215
2025-01-16 09:00:00+00:00,-7.73771
2025-01-16 09:00:00+00:00,-38.56751
2025-01-16 09:00:00+00:00,-4.7803
2025-01-16 10:00:00+00:00,-4.80112
2025-01-16 10:00:00+00:00,-7.80325
2025-01-16 10:00:00+00:00,-38.99564
2025-01-16 11:00:00+00:00,-4.98598
2025-01-16 11:00:00+00:00,-38.9045
2025-01-16 11:00:00+00:00,-7.82512
2025-01-16 12:00:00+00:00,-38.80905
2025-01-16 12:00:00+00:00,-5.06918
2025-01-16 12:00:00+00:00,-7.81032
2025-01-16 13:00:00+00:00,-4.92332
2025-01-16 13:00:00+00:00,-48.01506
2025-01-16 13:00:00+00:00,-7.64883
2025-01-16 14:00:00+00:00,-8.13658
2025-01-16 14:00:00+00:00,-5.0814
2025-01-16 14:00:00+00:00,-16.14892
2025-01-16 15:00:00+00:00,106.72155
2025-01-16 15:00:00+00:00,2065.96783
2025-01-16 15:00:00+00:00,212.12972
2025-01-16 16:00:00+00:00,6994.98321
2025-01-16 16:00:00+00:00,1406.1558
2025-01-16 16:00:00+00:00,910.96867
2025-01-16 17:00:00+00:00,2078.54279
2025-01-16 17:00:00+00:00,1403.30429
2025-01-16 17:00:00+00:00,8915.44182
2025-01-16 18:00:00+00:00,9016.94247
2025-01-16 18:00:00+00:00,2141.94525
2025-01-16 18:00:00+00:00,1360.09411
2025-01-16 19:00:00+00:00,2095.83438
2025-01-16 19:00:00+00:00,8563.73778
2025-01-16 19:00:00+00:00,1343.37935
2025-01-16 20:00:00+00:00,1367.80526
2025-01-16 20:00:00+00:00,2032.71418
2025-01-16 20:00:00+00:00,7520.14888
2025-01-16 21:00:00+00:00,1442.63131
2025-01-16 21:00:00+00:00,2091.30936
2025-01-16 21:00:00+00:00,7532.09826
2025-01-16 22:00:00+00:00,6627.53503
2025-01-16 22:00:00+00:00,1512.08027
2025-01-16 22:00:00+00:00,2069.97782
2025-01-16 23:00:00+00:00,1265.3519
2025-01-16 23:00:00+00:00,1619.75647
2025-01-16 23:00:00+00:00,4433.64958
2025-01-17 00:00:00+00:00,915.77191
2025-01-17 00:00:00+00:00,419.40932
2025-01-17 00:00:00+00:00,436.94445
2025-01-17 01:00:00+00:00,-20.80696
2025-01-17 01:00:00+00:00,79.48821
2025-01-17 01:00:00+00:00,1.26959
2025-01-17 02:00:00+00:00,-7.68146
2025-01-17 02:00:00+00:00,-21.39175
2025-01-17 02:00:00+00:00,-2.68509
2025-01-17 03:00:00+00:00,-1.65641
2025-01-17 03:00:00+00:00,-7.85433
2025-01-17 03:00:00+00:00,-18.49819
2025-01-17 04:00:00+00:00,-7.87124
2025-01-17 04:00:00+00:00,-1.67863
2025-01-17 04:00:00+00:00,-19.56467
2025-01-17 05:00:00+00:00,-7.82541
2025-01-17 05:00:00+00:00,-17.94571
2025-01-17 05:00:00+00:00,-1.72814
2025-01-17 06:00:00+00:00,-1.81672
2025-01-17 06:00:00+00:00,-7.93233
2025-01-17 06:00:00+00:00,-18.67402
2025-01-17 07:00:00+00:00,-1.63591
2025-01-17 07:00:00+00:00,-7.90154
2025-01-17 07:00:00+00:00,-18.75325
2025-01-17 08:00:00+00:00,-1.74296
2025-01-17 08:00:00+00:00,-7.90913
2025-01-17 08:00:00+00:00,-19.52779
2025-01-17 09:00:00+00:00,-8.0242
2025-01-17 09:00:00+00:00,-24.5974
2025-01-17 09:00:00+00:00,-1.77426
2025-01-17 10:00:00+00:00,-29.97684
2025-01-17 10:00:00+00:00,-8.83256
2025-01-17 10:00:00+00:00,-1.82342
2025-01-17 11:00:00+00:00,-29.39122
2025-01-17 11:00:00+00:00,-8.02487
2025-01-17 11:00:00+00:00,-2.06714
2025-01-17 12:00:00+00:00,-2.22508
2025-01-17 12:00:00+00:00,-29.28264
2025-01-17 12:00:00+00:00,-7.99303
2025-01-17 13:00:00+00:00,-29.45619
2025-01-17 13:00:00+00:00,-2.08312
2025-01-17 13:00:00+00:00,-7.86922
2025-01-17 14:00:00+00:00,-12.36029
2025-01-17 14:00:00+00:00,-8.24351
2025-01-17 14:00:00+00:00,-2.30459
2025-01-17 15:00:00+00:00,196.39346
2025-01-17 15:00:00+00:00,108.9899
2025-01-17 15:00:00+00:00,2053.85593
2025-01-17 16:00:00+00:00,6733.06581
2025-01-17 16:00:00+00:00,928.05586
2025-01-17 16:00:00+00:00,1288.38302
2025-01-17 17:00:00+00:00,1357.0946
2025-01-17 17:00:00+00:00,8178.10843
2025-01-17 17:00:00+00:00,1470.64662
2025-01-17 18:00:00+00:00,1240.50323
2025-01-17 18:00:00+00:00,8598.9847
2025-01-17 18:00:00+00:00,1471.61622
2025-01-17 19:00:00+00:00,8592.40829
2025-01-17 19:00:00+00:00,1438.68953
2025-01-17 19:00:00+00:00,1217.21258
2025-01-17 20:00:00+00:00,1231.46333
2025-01-17 20:00:00+00:00,1303.37878
2025-01-17 20:00:00+00:00,8107.87587
2025-01-17 21:00:00+00:00,1238.55924
2025-01-17 21:00:00+00:00,8030.72499
2025-01-17 21:00:00+00:00,1281.93767
2025-01-17 22:00:00+00:00,7410.37001
2025-01-17 22:00:00+00:00,1194.83961
2025-01-17 22:00:00+00:00,1279.78467
2025-01-17 23:00:00+00:00,1323.77376
2025-01-17 23:00:00+00:00,1113.80037
2025-01-17 23:00:00+00:00,6067.90832
2025-01-18 00:00:00+00:00,386.83229
2025-01-18 00:00:00+00:00,457.3736
2025-01-18 00:00:00+00:00,1443.90851
2025-01-18 01:00:00+00:00,-0.26075
2025-01-18 01:00:00+00:00,-30.5086
2025-01-18 01:00:00+00:00,45.22871
2025-01-18 02:00:00+00:00,-7.89373
2025-01-18 02:00:00+00:00,-5.55242
2025-01-18 02:00:00+00:00,-34.03619
2025-01-18 03:00:00+00:00,-4.58771
2025-01-18 03:00:00+00:00,-7.86052
2025-01-18 03:00:00+00:00,-32.90049
2025-01-18 04:00:00+00:00,-32.69151
2025-01-18 04:00:00+00:00,-4.5393
2025-01-18 04:00:00+00:00,-7.91479
2025-01-18 05:00:00+00:00,-7.92421
2025-01-18 05:00:00+00:00,-4.55343
2025-01-18 05:00:00+00:00,-32.16486
2025-01-18 06:00:00+00:00,-8.01305
2025-01-18 06:00:00+00:00,-4.56897
2025-01-18 06:00:00+00:00,-33.04304
2025-01-18 07:00:00+00:00,-8.06487
2025-01-18 07:00:00+00:00,-4.55759
2025-01-18 07:00:00+00:00,-31.35253
2025-01-18 08:00:00+00:00,-8.05986
2025-01-18 08:00:00+00:00,-31.62532
2025-01-18 08:00:00+00:00,-4.6466
2025-01-18 09:00:00+00:00,-8.06172
2025-01-18 09:00:00+00:00,-31.92382
2025-01-18 09:00:00+00:00,-4.61982
2025-01-18 10:00:00+00:00,-8.93873
2025-01-18 10:00:00+00:00,-31.36749
2025-01-18 10:00:00+00:00,-4.64436
2025-01-18 11:00:00+00:00,-31.7368
2025-01-18 11:00:00+00:00,-8.1237
2025-01-18 11:00:00+00:00,-4.71742
2025-01-18 12:00:00+00:00,-4.65396
2025-01-18 12:00:00+00:00,-31.33628
2025-01-18 12:00:00+00:00,-8.10195
2025-01-18 13:00:00+00:00,-4.68216
2025-01-18 13:00:00+00:00,-31.53519
2025-01-18 13:00:00+00:00,-7.91745
2025-01-18 14:00:00+00:00,-6.97763
2025-01-18 14:00:00+00:00,-4.89965
2025-01-18 14:00:00+00:00,-8.38347
2025-01-18 15:00:00+00:00,178.08218
2025-01-18 15:00:00+00:00,2260.53289
2025-01-18 15:00:00+00:00,74.88453
2025-01-18 16:00:00+00:00,1195.96165
2025-01-18 16:00:00+00:00,7466.95385
2025-01-18 16:00:00+00:00,698.44583
2025-01-18 17:00:00+00:00,1911.30078
2025-01-18 17:00:00+00:00,9425.31381
2025-01-18 17:00:00+00:00,1213.72254
2025-01-18 18:00:00+00:00,1401.31869
2025-01-18 18:00:00+00:00,9552.28267
2025-01-18 18:00:00+00:00,2071.01332
2025-01-18 19:00:00+00:00,1421.32381
2025-01-18 19:00:00+00:00,9137.73858
2025-01-18 19:00:00+00:00,2113.37389
2025-01-18 20:00:00+00:00,2104.92512
2025-01-18 20:00:00+00:00,1410.5542
2025-01-18 20:00:00+00:00,8919.88142
2025-01-18 21:00:00+00:00,2110.68977
2025-01-18 21:00:00+00:00,1462.8582
2025-01-18 21:00:00+00:00,8979.11619
2025-01-18 22:00:00+00:00,8907.46022
2025-01-18 22:00:00+00:00,2084.00782
2025-01-18 22:00:00+00:00,1490.46637
2025-01-18 23:00:00+00:00,1598.78433
2025-01-18 23:00:00+00:00,1232.29634
2025-01-18 23:00:00+00:00,6561.06624
2025-01-19 00:00:00+00:00,1478.88749
2025-01-19 00:00:00+00:00,406.44988
2025-01-19 00:00:00+00:00,445.42364
2025-01-19 01:00:00+00:00,24.82299
2025-01-19 01:00:00+00:00,-43.47849
2025-01-19 01:00:00+00:00,-2.30177
2025-01-19 02:00:00+00:00,-9.2292
2025-01-19 02:00:00+00:00,-39.52759
2025-01-19 02:00:00+00:00,-0.1528
2025-01-19 03:00:00+00:00,0.8299
2025-01-19 03:00:00+00:00,-37.86703
2025-01-19 03:00:00+00:00,-8.03488
2025-01-19 04:00:00+00:00,-37.32754
2025-01-19 04:00:00+00:00,-8.005
2025-01-19 04:00:00+00:00,0.92168
2025-01-19 05:00:00+00:00,-36.55802
2025-01-19 05:00:00+00:00,-7.97739
2025-01-19 05:00:00+00:00,0.97553
2025-01-19 06:00:00+00:00,0.85925
2025-01-19 06:00:00+00:00,-8.06136
2025-01-19 06:00:00+00:00,-37.1798
2025-01-19 07:00:00+00:00,-36.62516
2025-01-19 07:00:00+00:00,-8.13465
2025-01-19 07:00:00+00:00,0.98602
2025-01-19 08:00:00+00:00,0.85479
2025-01-19 08:00:00+00:00,-36.73778
2025-01-19 08:00:00+00:00,-8.07635
2025-01-19 09:00:00+00:00,-8.08724
2025-01-19 09:00:00+00:00,-37.13306
2025-01-19 09:00:00+00:00,0.83464
2025-01-19 10:00:00+00:00,-37.64485
2025-01-19 10:00:00+00:00,-8.92188
2025-01-19 10:00:00+00:00,0.8078
2025-01-19 11:00:00+00:00,-37.83139
2025-01-19 11:00:00+00:00,-8.16844
2025-01-19 11:00:00+00:00,0.81681
2025-01-19 12:00:00+00:00,-37.63749
2025-01-19 12:00:00+00:00,0.77533
2025-01-19 12:00:00+00:00,-8.10251
2025-01-19 13:00:00+00:00,0.76175
2025-01-19 13:00:00+00:00,-57.28687
2025-01-19 13:00:00+00:00,-8.03557
2025-01-19 14:00:00+00:00,-8.32763
2025-01-19 14:00:00+00:00,0.77292
2025-01-19 14:00:00+00:00,-8.28843
2025-01-19 15:00:00+00:00,2359.82911
2025-01-19 15:00:00+00:00,200.13046
2025-01-19 15:00:00+00:00,107.18148
2025-01-19 16:00:00+00:00,7717.2235
2025-01-19 16:00:00+00:00,917.26592
2025-01-19 16:00:00+00:00,1327.85545
2025-01-19 17:00:00+00:00,2043.08645
2025-01-19 17:00:00+00:00,9553.58359
2025-01-19 17:00:00+00:00,1437.3276
2025-01-19 18:00:00+00:00,9680.90256
2025-01-19 18:00:00+00:00,2150.90501
2025-01-19 18:00:00+00:00,1532.2635
2025-01-19 19:00:00+00:00,9510.60322
2025-01-19 19:00:00+00:00,2124.47631
2025-01-19 19:00:00+00:00,1479.75143
2025-01-19 20:00:00+00:00,2117.1095
2025-01-19 20:00:00+00:00,9462.40344
2025-01-19 20:00:00+00:00,1467.86814
2025-01-19 21:00:00+00:00,1376.6694
2025-01-19 21:00:00+00:00,2129.19471
2025-01-19 21:00:00+00:00,9465.94243
2025-01-19 22:00:00+00:00,1378.22539
2025-01-19 22:00:00+00:00,2095.47335
2025-01-19 22:00:00+00:00,9559.26794
2025-01-19 23:00:00+00:00,6984.48584
2025-01-19 23:00:00+00:00,1673.67758
2025-01-19 23:00:00+00:00,1316.27619
2025-01-20 00:00:00+00:00,1621.87684
2025-01-20 00:00:00+00:00,470.98575
2025-01-20 00:00:00+00:00,469.67528
2025-01-20 01:00:00+00:00,-24.74666
2025-01-20 01:00:00+00:00,7.38245
2025-01-20 01:00:00+00:00,130.32762
2025-01-20 02:00:00+00:00,4.97914
2025-01-20 02:00:00+00:00,18.68565
2025-01-20 02:00:00+00:00,-24.71765
2025-01-20 03:00:00+00:00,4.95066
2025-01-20 03:00:00+00:00,-4.81519
2025-01-20 03:00:00+00:00,-22.67973
2025-01-20 04:00:00+00:00,-23.11223
2025-01-20 04:00:00+00:00,-4.68149
2025-01-20 04:00:00+00:00,4.9469
2025-01-20 05:00:00+00:00,-4.77977
2025-01-20 05:00:00+00:00,4.96158
2025-01-20 05:00:00+00:00,-20.9028
2025-01-20 06:00:00+00:00,4.87222
2025-01-20 06:00:00+00:00,-19.00421
2025-01-20 06:00:00+00:00,-4.59525
2025-01-20 07:00:00+00:00,-4.60434
2025-01-20 07:00:00+00:00,-19.85921
2025-01-20 07:00:00+00:00,4.93095
2025-01-20 08:00:00+00:00,4.94291
2025-01-20 08:00:00+00:00,-4.67681
2025-01-20 08:00:00+00:00,-18.39483
2025-01-20 09:00:00+00:00,-4.61465
2025-01-20 09:00:00+00:00,-18.18545
2025-01-20 09:00:00+00:00,4.92607
2025-01-20 10:00:00+00:00,-17.98488
2025-01-20 10:00:00+00:00,-4.695
2025-01-20 10:00:00+00:00,4.04813
2025-01-20 11:00:00+00:00,-18.69316
2025-01-20 11:00:00+00:00,4.84931
2025-01-20 11:00:00+00:00,-4.72736
2025-01-20 12:00:00+00:00,5.00271
2025-01-20 12:00:00+00:00,-22.36293
2025-01-20 12:00:00+00:00,-4.64402
2025-01-20 13:00:00+00:00,-4.58755
2025-01-20 13:00:00+00:00,5.01069
2025-01-20 13:00:00+00:00,-23.02709
2025-01-20 14:00:00+00:00,-4.66412
2025-01-20 14:00:00+00:00,4.85936
2025-01-20 14:00:00+00:00,8.45532
2025-01-20 15:00:00+00:00,99.69639
2025-01-20 15:00:00+00:00,193.40052
2025-01-20 15:00:00+00:00,2455.12872
2025-01-20 16:00:00+00:00,792.51375
2025-01-20 16:00:00+00:00,1233.72661
2025-01-20 16:00:00+00:00,7875.62596
2025-01-20 17:00:00+00:00,1966.45337
2025-01-20 17:00:00+00:00,1262.4114
2025-01-20 17:00:00+00:00,9846.80497
2025-01-20 18:00:00+00:00,9697.33858
2025-01-20 18:00:00+00:00,1413.0401
2025-01-20 18:00:00+00:00,2139.3723
2025-01-20 19:00:00+00:00,2150.28528
2025-01-20 19:00:00+00:00,9583.92147
2025-01-20 19:00:00+00:00,1423.18822
2025-01-20 20:00:00+00:00,9712.85046
2025-01-20 20:00:00+00:00,1422.005
2025-01-20 20:00:00+00:00,2147.16777
2025-01-20 21:00:00+00:00,1474.5069
2025-01-20 21:00:00+00:00,9798.19811
2025-01-20 21:00:00+00:00,2148.49431
2025-01-20 22:00:00+00:00,9255.67739
2025-01-20 22:00:00+00:00,2037.18893
2025-01-20 22:00:00+00:00,1527.20931
2025-01-20 23:00:00+00:00,6780.8994
2025-01-20 23:00:00+00:00,1628.59064
2025-01-20 23:00:00+00:00,1308.21323
2025-01-21 00:00:00+00:00,497.90781
2025-01-21 00:00:00+00:00,400.11943
2025-01-21 00:00:00+00:00,1571.33755
2025-01-21 01:00:00+00:00,8.81904
2025-01-21 01:00:00+00:00,33.85705
2025-01-21 01:00:00+00:00,69.30357
2025-01-21 02:00:00+00:00,19.57749
2025-01-21 02:00:00+00:00,5.03323
2025-01-21 02:00:00+00:00,30.89586
2025-01-21 03:00:00+00:00,5.10117
2025-01-21 03:00:00+00:00,31.67776
2025-01-21 03:00:00+00:00,-16.10494
2025-01-21 04:00:00+00:00,-7.40318
2025-01-21 04:00:00+00:00,-26.97669
2025-01-21 04:00:00+00:00,12.01576
2025-01-21 05:00:00+00:00,-4.60931
2025-01-21 05:00:00+00:00,-8.02545
2025-01-21 05:00:00+00:00,-36.6765
2025-01-21 06:00:00+00:00,-8.02338
2025-01-21 06:00:00+00:00,-37.1855
2025-01-21 06:00:00+00:00,-4.66432
2025-01-21 07:00:00+00:00,-4.58107
2025-01-21 07:00:00+00:00,-8.09372
2025-01-21 07:00:00+00:00,-37.83531
2025-01-21 08:00:00+00:00,-4.62075
2025-01-21 08:00:00+00:00,-7.95796
2025-01-21 08:00:00+00:00,-37.56103
2025-01-21 09:00:00+00:00,-8.03772
2025-01-21 09:00:00+00:00,-37.76607
2025-01-21 09:00:00+00:00,-4.64584
2025-01-21 10:00:00+00:00,-8.86264
2025-01-21 10:00:00+00:00,-4.65506
2025-01-21 10:00:00+00:00,-37.42317
2025-01-21 11:00:00+00:00,-37.63563
2025-01-21 11:00:00+00:00,-8.05548
2025-01-21 11:00:00+00:00,-4.63247
2025-01-21 12:00:00+00:00,-7.97691
2025-01-21 12:00:00+00:00,-4.56623
2025-01-21 12:00:00+00:00,-37.50686
2025-01-21 13:00:00+00:00,-37.74684
2025-01-21 13:00:00+00:00,-4.59895
2025-01-21 13:00:00+00:00,-7.88572
2025-01-21 14:00:00+00:00,-1.93058
2025-01-21 14:00:00+00:00,-4.57725
2025-01-21 14:00:00+00:00,-8.0912
2025-01-21 15:00:00+00:00,225.45634
2025-01-21 15:00:00+00:00,2559.03086
2025-01-21 15:00:00+00:00,123.75
2025-01-21 16:00:00+00:00,1445.30827
2025-01-21 16:00:00+00:00,7922.32882
2025-01-21 16:00:00+00:00,989.33648
2025-01-21 17:00:00+00:00,2135.25476
2025-01-21 17:00:00+00:00,9712.80615
2025-01-21 17:00:00+00:00,1483.29212
2025-01-21 18:00:00+00:00,1503.06619
2025-01-21 18:00:00+00:00,9961.84535
2025-01-21 18:00:00+00:00,2213.96959
2025-01-21 19:00:00+00:00,2175.9661
2025-01-21 19:00:00+00:00,1433.52746
2025-01-21 19:00:00+00:00,9746.89981
2025-01-21 20:00:00+00:00,1418.53213
2025-01-21 20:00:00+00:00,2169.21554
2025-01-21 20:00:00+00:00,9412.33057
2025-01-21 21:00:00+00:00,8825.89243
2025-01-21 21:00:00+00:00,2171.42237
2025-01-21 21:00:00+00:00,1482.75166
2025-01-21 22:00:00+00:00,1523.90075
2025-01-21 22:00:00+00:00,8688.67664
2025-01-21 22:00:00+00:00,1658.80058
2025-01-21 23:00:00+00:00,1265.69583
2025-01-21 23:00:00+00:00,6794.12839
2025-01-21 23:00:00+00:00,1371.70013
2025-01-22 00:00:00+00:00,374.05268
2025-01-22 00:00:00+00:00,1536.43036
2025-01-22 00:00:00+00:00,349.23581
2025-01-22 01:00:00+00:00,37.22953
2025-01-22 01:00:00+00:00,-24.08989
2025-01-22 01:00:00+00:00,25.33245
2025-01-22 02:00:00+00:00,20.05947
2025-01-22 02:00:00+00:00,-38.77566
2025-01-22 02:00:00+00:00,14.3915
2025-01-22 03:00:00+00:00,-37.99554
2025-01-22 03:00:00+00:00,20.5465
2025-01-22 03:00:00+00:00,-0.15405
2025-01-22 04:00:00+00:00,-0.32364
2025-01-22 04:00:00+00:00,-36.20852
2025-01-22 04:00:00+00:00,20.56142
2025-01-22 05:00:00+00:00,-36.36128
2025-01-22 05:00:00+00:00,20.55077
2025-01-22 05:00:00+00:00,-0.13122
2025-01-22 06:00:00+00:00,20.52663
2025-01-22 06:00:00+00:00,-37.0294
2025-01-22 06:00:00+00:00,-0.15495
2025-01-22 07:00:00+00:00,-0.16605
2025-01-22 07:00:00+00:00,-39.09221
2025-01-22 07:00:00+00:00,20.4966
2025-01-22 08:00:00+00:00,-0.24861
2025-01-22 08:00:00+00:00,-38.91589
2025-01-22 08:00:00+00:00,20.17015
2025-01-22 09:00:00+00:00,-0.2998
2025-01-22 09:00:00+00:00,20.22212
2025-01-22 09:00:00+00:00,-39.39768
2025-01-22 10:00:00+00:00,-39.25235
2025-01-22 10:00:00+00:00,19.27637
2025-01-22 10:00:00+00:00,-0.27466
2025-01-22 11:00:00+00:00,-39.15263
2025-01-22 11:00:00+00:00,20.10833
2025-01-22 11:00:00+00:00,-0.32044
2025-01-22 12:00:00+00:00,20.15548
2025-01-22 12:00:00+00:00,-39.26777
2025-01-22 12:00:00+00:00,-0.40218
2025-01-22 13:00:00+00:00,20.14274
2025-01-22 13:00:00+00:00,-40.41461
2025-01-22 13:00:00+00:00,-0.24666
2025-01-22 14:00:00+00:00,-16.9783
2025-01-22 14:00:00+00:00,-0.37119
2025-01-22 14:00:00+00:00,19.78602
2025-01-22 15:00:00+00:00,1318.0519
2025-01-22 15:00:00+00:00,250.41207
2025-01-22 15:00:00+00:00,140.22681
2025-01-22 16:00:00+00:00,4950.37738
2025-01-22 16:00:00+00:00,1531.4911
2025-01-22 16:00:00+00:00,1068.19116
2025-01-22 17:00:00+00:00,7695.61114
2025-01-22 17:00:00+00:00,2207.66538
2025-01-22 17:00:00+00:00,1541.79031
2025-01-22 18:00:00+00:00,2304.24616
2025-01-22 18:00:00+00:00,1466.15268
2025-01-22 18:00:00+00:00,8727.67886
2025-01-22 19:00:00+00:00,2268.87587
2025-01-22 19:00:00+00:00,9160.23479
2025-01-22 19:00:00+00:00,1448.0362
2025-01-22 20:00:00+00:00,2253.9494
2025-01-22 20:00:00+00:00,1438.8628
2025-01-22 20:00:00+00:00,9541.25328
2025-01-22 21:00:00+00:00,1498.2318
2025-01-22 21:00:00+00:00,2283.12253
2025-01-22 21:00:00+00:00,9305.07087
2025-01-22 22:00:00+00:00,2248.41088
2025-01-22 22:00:00+00:00,1383.04462
2025-01-22 22:00:00+00:00,8426.63952
2025-01-22 23:00:00+00:00,5963.47562
2025-01-22 23:00:00+00:00,1268.53706
2025-01-22 23:00:00+00:00,1862.78561
2025-01-23 00:00:00+00:00,567.88547
2025-01-23 00:00:00+00:00,1582.24523
2025-01-23 00:00:00+00:00,437.8046
2025-01-23 01:00:00+00:00,-38.05996
2025-01-23 01:00:00+00:00,-2.92125
2025-01-23 01:00:00+00:00,30.408
2025-01-23 02:00:00+00:00,-37.28826
2025-01-23 02:00:00+00:00,26.64016
2025-01-23 02:00:00+00:00,-8.48083
2025-01-23 03:00:00+00:00,27.70502
2025-01-23 03:00:00+00:00,-36.76248
2025-01-23 03:00:00+00:00,-8.34397
2025-01-23 04:00:00+00:00,27.85725
2025-01-23 04:00:00+00:00,-36.35902
2025-01-23 04:00:00+00:00,-8.35068
2025-01-23 05:00:00+00:00,27.69617
2025-01-23 05:00:00+00:00,-8.31866
2025-01-23 05:00:00+00:00,-36.26561
2025-01-23 06:00:00+00:00,27.63075
2025-01-23 06:00:00+00:00,-8.35217
2025-01-23 06:00:00+00:00,-36.40599
2025-01-23 07:00:00+00:00,27.70179
2025-01-23 07:00:00+00:00,-36.82583
2025-01-23 07:00:00+00:00,-8.12919
2025-01-23 08:00:00+00:00,27.74925
2025-01-23 08:00:00+00:00,-36.44739
2025-01-23 08:00:00+00:00,-8.2867
2025-01-23 09:00:00+00:00,-8.26428
2025-01-23 09:00:00+00:00,27.72828
2025-01-23 09:00:00+00:00,-36.29906
2025-01-23 10:00:00+00:00,-37.11056
2025-01-23 10:00:00+00:00,-9.10563
2025-01-23 10:00:00+00:00,27.68002
2025-01-23 11:00:00+00:00,-36.72575
2025-01-23 11:00:00+00:00,-8.33477
2025-01-23 11:00:00+00:00,27.66125
2025-01-23 12:00:00+00:00,-8.28891
2025-01-23 12:00:00+00:00,-36.6061
2025-01-23 12:00:00+00:00,27.47509
2025-01-23 13:00:00+00:00,27.71948
2025-01-23 13:00:00+00:00,-8.22525
2025-01-23 13:00:00+00:00,-37.17
2025-01-23 14:00:00+00:00,27.65148
2025-01-23 14:00:00+00:00,-0.93082
2025-01-23 14:00:00+00:00,-8.43168
2025-01-23 15:00:00+00:00,2516.60689
2025-01-23 15:00:00+00:00,262.94984
2025-01-23 15:00:00+00:00,161.80815
2025-01-23 16:00:00+00:00,7502.89932
2025-01-23 16:00:00+00:00,1555.13982
2025-01-23 16:00:00+00:00,1013.49948
2025-01-23 17:00:00+00:00,8846.45444
2025-01-23 17:00:00+00:00,2227.14979
2025-01-23 17:00:00+00:00,1493.49612
2025-01-23 18:00:00+00:00,1914.84012
2025-01-23 18:00:00+00:00,1452.31126
2025-01-23 18:00:00+00:00,9914.55021
2025-01-23 19:00:00+00:00,2253.72066
2025-01-23 19:00:00+00:00,9806.68341
2025-01-23 19:00:00+00:00,1403.42195
2025-01-23 20:00:00+00:00,2281.17323
2025-01-23 20:00:00+00:00,1387.85513
2025-01-23 20:00:00+00:00,9289.39351
2025-01-23 21:00:00+00:00,2263.98443
2025-01-23 21:00:00+00:00,9120.00281
2025-01-23 21:00:00+00:00,1428.20847
2025-01-23 22:00:00+00:00,1439.89546
2025-01-23 22:00:00+00:00,8873.2042
2025-01-23 22:00:00+00:00,2255.34864
2025-01-23 23:00:00+00:00,1869.33807
2025-01-23 23:00:00+00:00,1248.93418
2025-01-23 23:00:00+00:00,6756.48745
2025-01-24 00:00:00+00:00,683.67301
2025-01-24 00:00:00+00:00,1957.53965
2025-01-24 00:00:00+00:00,424.88737
2025-01-24 01:00:00+00:00,122.46108
2025-01-24 01:00:00+00:00,-8.04349
2025-01-24 01:00:00+00:00,38.02118
2025-01-24 02:00:00+00:00,-1.69946
2025-01-24 02:00:00+00:00,27.01774
2025-01-24 02:00:00+00:00,-36.28831
2025-01-24 03:00:00+00:00,-34.88653
2025-01-24 03:00:00+00:00,-7.87882
2025-01-24 03:00:00+00:00,-4.09895
2025-01-24 04:00:00+00:00,-3.83493
2025-01-24 04:00:00+00:00,-33.91448
2025-01-24 04:00:00+00:00,-7.81323
2025-01-24 05:00:00+00:00,-7.82833
2025-01-24 05:00:00+00:00,-3.94575
2025-01-24 05:00:00+00:00,-44.02494
2025-01-24 06:00:00+00:00,-4.00134
2025-01-24 06:00:00+00:00,-7.86948
2025-01-24 06:00:00+00:00,-33.04789
2025-01-24 07:00:00+00:00,-3.8894
2025-01-24 07:00:00+00:00,-34.09868
2025-01-24 07:00:00+00:00,-7.82796
2025-01-24 08:00:00+00:00,-7.84431
2025-01-24 08:00:00+00:00,-34.99504
2025-01-24 08:00:00+00:00,-3.97588
2025-01-24 09:00:00+00:00,-34.57714
2025-01-24 09:00:00+00:00,-4.07498
2025-01-24 09:00:00+00:00,-7.83496
2025-01-24 10:00:00+00:00,-34.66115
2025-01-24 10:00:00+00:00,-4.05111
2025-01-24 10:00:00+00:00,-8.68817
2025-01-24 11:00:00+00:00,-4.03164
2025-01-24 11:00:00+00:00,-7.94474
2025-01-24 11:00:00+00:00,-39.39264
2025-01-24 12:00:00+00:00,-4.08405
2025-01-24 12:00:00+00:00,-7.83661
2025-01-24 12:00:00+00:00,-36.54608
2025-01-24 13:00:00+00:00,-7.75539
2025-01-24 13:00:00+00:00,-36.76207
2025-01-24 13:00:00+00:00,-3.96116
2025-01-24 14:00:00+00:00,-7.91519
2025-01-24 14:00:00+00:00,-4.31032
2025-01-24 14:00:00+00:00,-3.66505
2025-01-24 15:00:00+00:00,252.29165
2025-01-24 15:00:00+00:00,2356.16678
2025-01-24 15:00:00+00:00,110.53229
2025-01-24 16:00:00+00:00,7282.4468
2025-01-24 16:00:00+00:00,914.05618
2025-01-24 16:00:00+00:00,1342.49718
2025-01-24 17:00:00+00:00,9851.05192
2025-01-24 17:00:00+00:00,1536.8995
2025-01-24 17:00:00+00:00,1936.66333
2025-01-24 18:00:00+00:00,2152.87168
2025-01-24 18:00:00+00:00,9768.26519
2025-01-24 18:00:00+00:00,1616.03728
2025-01-24 19:00:00+00:00,1572.51193
2025-01-24 19:00:00+00:00,9768.33348
2025-01-24 19:00:00+00:00,2207.28302
2025-01-24 20:00:00+00:00,9443.21031
2025-01-24 20:00:00+00:00,1531.90376
2025-01-24 20:00:00+00:00,2172.58049
2025-01-24 21:00:00+00:00,1546.63239
2025-01-24 21:00:00+00:00,9266.77363
2025-01-24 21:00:00+00:00,2222.96036
2025-01-24 22:00:00+00:00,8793.61012
2025-01-24 22:00:00+00:00,1507.36456
2025-01-24 22:00:00+00:00,2179.46062
2025-01-24 23:00:00+00:00,6271.75558
2025-01-24 23:00:00+00:00,1805.03411
2025-01-24 23:00:00+00:00,1111.51201
2025-01-25 00:00:00+00:00,578.67981
2025-01-25 00:00:00+00:00,344.47538
2025-01-25 00:00:00+00:00,1730.73091
2025-01-25 01:00:00+00:00,7.16771
2025-01-25 01:00:00+00:00,-14.64809
2025-01-25 01:00:00+00:00,8.01517
2025-01-25 02:00:00+00:00,-39.06308
2025-01-25 02:00:00+00:00,-0.66283
2025-01-25 02:00:00+00:00,-8.38448
2025-01-25 03:00:00+00:00,-37.42472
2025-01-25 03:00:00+00:00,-8.69989
2025-01-25 03:00:00+00:00,0.29524
2025-01-25 04:00:00+00:00,-37.71221
2025-01-25 04:00:00+00:00,-8.4054
2025-01-25 04:00:00+00:00,0.31631
2025-01-25 05:00:00+00:00,0.22451
2025-01-25 05:00:00+00:00,-37.2598
2025-01-25 05:00:00+00:00,-8.46444
2025-01-25 06:00:00+00:00,0.40857
2025-01-25 06:00:00+00:00,-8.36664
2025-01-25 06:00:00+00:00,-38.01759
2025-01-25 07:00:00+00:00,-37.34883
2025-01-25 07:00:00+00:00,0.19782
2025-01-25 07:00:00+00:00,-8.34722
2025-01-25 08:00:00+00:00,0.40719
2025-01-25 08:00:00+00:00,-36.7092
2025-01-25 08:00:00+00:00,-8.39928
2025-01-25 09:00:00+00:00,-36.78098
2025-01-25 09:00:00+00:00,0.39536
2025-01-25 09:00:00+00:00,-8.42915
2025-01-25 10:00:00+00:00,-37.36623
2025-01-25 10:00:00+00:00,0.36258
2025-01-25 10:00:00+00:00,-8.43581
2025-01-25 11:00:00+00:00,0.32512
2025-01-25 11:00:00+00:00,-8.3471
2025-01-25 11:00:00+00:00,-37.4405
2025-01-25 12:00:00+00:00,-37.54819
2025-01-25 12:00:00+00:00,-8.32016
2025-01-25 12:00:00+00:00,0.42703
2025-01-25 13:00:00+00:00,-8.31205
2025-01-25 13:00:00+00:00,-38.66345
2025-01-25 13:00:00+00:00,0.41358
2025-01-25 14:00:00+00:00,0.45006
2025-01-25 14:00:00+00:00,-32.05729
2025-01-25 14:00:00+00:00,-8.61379
2025-01-25 15:00:00+00:00,63.9799
2025-01-25 15:00:00+00:00,500.86605
2025-01-25 15:00:00+00:00,126.57808
2025-01-25 16:00:00+00:00,2377.07825
2025-01-25 16:00:00+00:00,790.1623
2025-01-25 16:00:00+00:00,363.96653
2025-01-25 17:00:00+00:00,4203.93466
2025-01-25 17:00:00+00:00,821.94027
2025-01-25 17:00:00+00:00,1300.52648
2025-01-25 18:00:00+00:00,1236.22727
2025-01-25 18:00:00+00:00,4469.1132
2025-01-25 18:00:00+00:00,1446.76437
2025-01-25 19:00:00+00:00,1330.02609
2025-01-25 19:00:00+00:00,4909.5257
2025-01-25 19:00:00+00:00,1193.29792
2025-01-25 20:00:00+00:00,1180.778
2025-01-25 20:00:00+00:00,805.27112
2025-01-25 20:00:00+00:00,5835.41199
2025-01-25 21:00:00+00:00,5864.93756
2025-01-25 21:00:00+00:00,799.47044
2025-01-25 21:00:00+00:00,714.75755
2025-01-25 22:00:00+00:00,519.19889
2025-01-25 22:00:00+00:00,902.59153
2025-01-25 22:00:00+00:00,6104.96327
2025-01-25 23:00:00+00:00,594.21289
2025-01-25 23:00:00+00:00,4093.70764
2025-01-25 23:00:00+00:00,1266.85732
2025-01-26 00:00:00+00:00,153.84698
2025-01-26 00:00:00+00:00,400.29826
2025-01-26 00:00:00+00:00,996.67329
2025-01-26 01:00:00+00:00,-22.63201
2025-01-26 01:00:00+00:00,-4.02166
2025-01-26 01:00:00+00:00,-3.52156
2025-01-26 02:00:00+00:00,-8.71866
2025-01-26 02:00:00+00:00,-37.21016
2025-01-26 02:00:00+00:00,-4.80677
2025-01-26 03:00:00+00:00,-8.21438
2025-01-26 03:00:00+00:00,-4.7787
2025-01-26 03:00:00+00:00,-35.09379
2025-01-26 04:00:00+00:00,-4.89552
2025-01-26 04:00:00+00:00,-35.06951
2025-01-26 04:00:00+00:00,-8.25123
2025-01-26 05:00:00+00:00,-4.7267
2025-01-26 05:00:00+00:00,-34.99336
2025-01-26 05:00:00+00:00,-8.30508
2025-01-26 06:00:00+00:00,-8.31388
2025-01-26 06:00:00+00:00,-4.76436
2025-01-26 06:00:00+00:00,-35.61362
2025-01-26 07:00:00+00:00,-4.79365
2025-01-26 07:00:00+00:00,-8.39079
2025-01-26 07:00:00+00:00,-37.87128
2025-01-26 08:00:00+00:00,-4.74752
2025-01-26 08:00:00+00:00,-37.23407
2025-01-26 08:00:00+00:00,-8.3173
2025-01-26 09:00:00+00:00,-4.80267
2025-01-26 09:00:00+00:00,-8.3258
2025-01-26 09:00:00+00:00,-38.10057
2025-01-26 10:00:00+00:00,-9.16356
2025-01-26 10:00:00+00:00,-4.85754
2025-01-26 10:00:00+00:00,-38.17438
2025-01-26 11:00:00+00:00,-8.41185
2025-01-26 11:00:00+00:00,-38.56383
2025-01-26 11:00:00+00:00,-4.85337
2025-01-26 12:00:00+00:00,-8.49838
2025-01-26 12:00:00+00:00,-4.81511
2025-01-26 12:00:00+00:00,-38.56291
2025-01-26 13:00:00+00:00,-4.82593
2025-01-26 13:00:00+00:00,-39.45955
2025-01-26 13:00:00+00:00,-8.39044
2025-01-26 14:00:00+00:00,-5.01916
2025-01-26 14:00:00+00:00,-3.06119
2025-01-26 14:00:00+00:00,-8.9137
2025-01-26 15:00:00+00:00,26.56734
2025-01-26 15:00:00+00:00,1276.25073
2025-01-26 15:00:00+00:00,26.78435
2025-01-26 16:00:00+00:00,296.1028
2025-01-26 16:00:00+00:00,281.12451
2025-01-26 16:00:00+00:00,3072.69429
2025-01-26 17:00:00+00:00,846.30823
2025-01-26 17:00:00+00:00,468.92479
2025-01-26 17:00:00+00:00,4447.17501
2025-01-26 18:00:00+00:00,6017.76195
2025-01-26 18:00:00+00:00,826.27337
2025-01-26 18:00:00+00:00,1025.0947
2025-01-26 19:00:00+00:00,5764.96433
2025-01-26 19:00:00+00:00,1015.13236
2025-01-26 19:00:00+00:00,926.76687
2025-01-26 20:00:00+00:00,943.77271
2025-01-26 20:00:00+00:00,855.37151
2025-01-26 20:00:00+00:00,4674.52813
2025-01-26 21:00:00+00:00,1160.91482
2025-01-26 21:00:00+00:00,4792.39487
2025-01-26 21:00:00+00:00,965.51323
2025-01-26 22:00:00+00:00,725.21115
2025-01-26 22:00:00+00:00,4100.57697
2025-01-26 22:00:00+00:00,747.24511
2025-01-26 23:00:00+00:00,699.19715
2025-01-26 23:00:00+00:00,350.63347
2025-01-26 23:00:00+00:00,2897.86876
2025-01-27 00:00:00+00:00,191.69387
2025-01-27 00:00:00+00:00,265.94743
2025-01-27 00:00:00+00:00,832.15048
2025-01-27 01:00:00+00:00,8.09688
2025-01-27 01:00:00+00:00,-35.91123
2025-01-27 01:00:00+00:00,-1.50183
2025-01-27 02:00:00+00:00,-33.93441
2025-01-27 02:00:00+00:00,-4.95839
2025-01-27 02:00:00+00:00,-7.98515
2025-01-27 03:00:00+00:00,-4.84804
2025-01-27 03:00:00+00:00,-33.99474
2025-01-27 03:00:00+00:00,-7.82184
2025-01-27 04:00:00+00:00,-7.95423
2025-01-27 04:00:00+00:00,-4.87644
2025-01-27 04:00:00+00:00,-33.12042
2025-01-27 05:00:00+00:00,-32.94015
2025-01-27 05:00:00+00:00,-4.88966
2025-01-27 05:00:00+00:00,-7.92865
2025-01-27 06:00:00+00:00,-7.87615
2025-01-27 06:00:00+00:00,-33.90907
2025-01-27 06:00:00+00:00,-4.9934
2025-01-27 07:00:00+00:00,-7.97687
2025-01-27 07:00:00+00:00,-4.83907
2025-01-27 07:00:00+00:00,-34.69237
2025-01-27 08:00:00+00:00,-4.91548
2025-01-27 08:00:00+00:00,-7.9367
2025-01-27 08:00:00+00:00,-34.25555
2025-01-27 09:00:00+00:00,-4.97654
2025-01-27 09:00:00+00:00,-7.95743
2025-01-27 09:00:00+00:00,-34.51877
2025-01-27 10:00:00+00:00,-36.19129
2025-01-27 10:00:00+00:00,-4.91137
2025-01-27 10:00:00+00:00,-7.98791
2025-01-27 11:00:00+00:00,-7.95468
2025-01-27 11:00:00+00:00,-36.9088
2025-01-27 11:00:00+00:00,-4.96561
2025-01-27 12:00:00+00:00,-7.92795
2025-01-27 12:00:00+00:00,-36.35194
2025-01-27 12:00:00+00:00,-4.98397
2025-01-27 13:00:00+00:00,-4.92052
2025-01-27 13:00:00+00:00,-37.80171
2025-01-27 13:00:00+00:00,-7.81011
2025-01-27 14:00:00+00:00,-4.85813
2025-01-27 14:00:00+00:00,-12.8559
2025-01-27 14:00:00+00:00,-7.95875
2025-01-27 15:00:00+00:00,1253.56614
2025-01-27 15:00:00+00:00,203.22548
2025-01-27 15:00:00+00:00,166.72096
2025-01-27 16:00:00+00:00,1249.36163
2025-01-27 16:00:00+00:00,3694.02175
2025-01-27 16:00:00+00:00,1172.79251
2025-01-27 17:00:00+00:00,6393.85101
2025-01-27 17:00:00+00:00,1960.73871
2025-01-27 17:00:00+00:00,1644.11068
2025-01-27 18:00:00+00:00,1715.15556
2025-01-27 18:00:00+00:00,7435.30164
2025-01-27 18:00:00+00:00,2167.61991
2025-01-27 19:00:00+00:00,2216.98555
2025-01-27 19:00:00+00:00,1644.08254
2025-01-27 19:00:00+00:00,7611.92947
2025-01-27 20:00:00+00:00,6879.87389
2025-01-27 20:00:00+00:00,2123.75999
2025-01-27 20:00:00+00:00,1628.18298
2025-01-27 21:00:00+00:00,2237.40553
2025-01-27 21:00:00+00:00,1616.5067
2025-01-27 21:00:00+00:00,6044.08371
2025-01-27 22:00:00+00:00,5390.56986
2025-01-27 22:00:00+00:00,2339.5129
2025-01-27 22:00:00+00:00,1646.78926
2025-01-27 23:00:00+00:00,1592.62778
2025-01-27 23:00:00+00:00,1983.22889
2025-01-27 23:00:00+00:00,4405.29808
2025-01-28 00:00:00+00:00,677.61292
2025-01-28 00:00:00+00:00,688.2381
2025-01-28 00:00:00+00:00,1433.80189
2025-01-28 01:00:00+00:00,-27.62662
2025-01-28 01:00:00+00:00,7.23796
2025-01-28 01:00:00+00:00,108.10693
2025-01-28 02:00:00+00:00,-2.69458
2025-01-28 02:00:00+00:00,-30.98302
2025-01-28 02:00:00+00:00,-8.78166
2025-01-28 03:00:00+00:00,-4.77184
2025-01-28 03:00:00+00:00,-28.42676
2025-01-28 03:00:00+00:00,-8.88744
2025-01-28 04:00:00+00:00,-4.55331
2025-01-28 04:00:00+00:00,-8.30072
2025-01-28 04:00:00+00:00,-27.89261
2025-01-28 05:00:00+00:00,-28.18781
2025-01-28 05:00:00+00:00,-4.60135
2025-01-28 05:00:00+00:00,-8.23702
2025-01-28 06:00:00+00:00,-8.19026
2025-01-28 06:00:00+00:00,-4.52035
2025-01-28 06:00:00+00:00,-28.50516
2025-01-28 07:00:00+00:00,-4.64018
2025-01-28 07:00:00+00:00,-29.20276
2025-01-28 07:00:00+00:00,-8.09916
2025-01-28 08:00:00+00:00,-8.15692
2025-01-28 08:00:00+00:00,-30.46965
2025-01-28 08:00:00+00:00,-4.57355
2025-01-28 09:00:00+00:00,-8.252
2025-01-28 09:00:00+00:00,-31.20998
2025-01-28 09:00:00+00:00,-4.55719
2025-01-28 10:00:00+00:00,-31.49175
2025-01-28 10:00:00+00:00,-8.94166
2025-01-28 10:00:00+00:00,-6.52277
2025-01-28 11:00:00+00:00,-8.33138
2025-01-28 11:00:00+00:00,-31.97658
2025-01-28 11:00:00+00:00,-4.75952
2025-01-28 12:00:00+00:00,-8.26166
2025-01-28 12:00:00+00:00,-34.29998
2025-01-28 12:00:00+00:00,-4.70976
2025-01-28 13:00:00+00:00,-34.9513
2025-01-28 13:00:00+00:00,-8.12849
2025-01-28 13:00:00+00:00,-4.73712
2025-01-28 14:00:00+00:00,-12.21889
2025-01-28 14:00:00+00:00,0.93458
2025-01-28 14:00:00+00:00,-4.71618
2025-01-28 15:00:00+00:00,163.09617
2025-01-28 15:00:00+00:00,215.54555
2025-01-28 15:00:00+00:00,2286.05685
2025-01-28 16:00:00+00:00,1214.92101
2025-01-28 16:00:00+00:00,1486.03514
2025-01-28 16:00:00+00:00,7046.03338
2025-01-28 17:00:00+00:00,1667.55457
2025-01-28 17:00:00+00:00,2267.01062
2025-01-28 17:00:00+00:00,8799.22534
2025-01-28 18:00:00+00:00,1586.52881
2025-01-28 18:00:00+00:00,2310.26439
2025-01-28 18:00:00+00:00,8848.06802
2025-01-28 19:00:00+00:00,8962.52676
2025-01-28 19:00:00+00:00,2293.05945
2025-01-28 19:00:00+00:00,1511.50358
2025-01-28 20:00:00+00:00,2340.05405
2025-01-28 20:00:00+00:00,1470.98147
2025-01-28 20:00:00+00:00,8358.28023
2025-01-28 21:00:00+00:00,2379.89795
2025-01-28 21:00:00+00:00,1538.24178
2025-01-28 21:00:00+00:00,7876.56053
2025-01-28 22:00:00+00:00,2375.56854
2025-01-28 22:00:00+00:00,1610.96682
2025-01-28 22:00:00+00:00,7270.59565
2025-01-28 23:00:00+00:00,1446.17861
2025-01-28 23:00:00+00:00,1964.37122
2025-01-28 23:00:00+00:00,5523.73272
2025-01-29 00:00:00+00:00,747.3238
2025-01-29 00:00:00+00:00,624.39074
2025-01-29 00:00:00+00:00,1588.42909
2025-01-29 01:00:00+00:00,21.17594
2025-01-29 01:00:00+00:00,39.00337
2025-01-29 01:00:00+00:00,-24.00794
2025-01-29 02:00:00+00:00,-8.71314
2025-01-29 02:00:00+00:00,-5.77703
2025-01-29 02:00:00+00:00,-39.89633
2025-01-29 03:00:00+00:00,-4.93377
2025-01-29 03:00:00+00:00,-8.25573
2025-01-29 03:00:00+00:00,-38.3209
2025-01-29 04:00:00+00:00,-4.71228
2025-01-29 04:00:00+00:00,-38.44702
2025-01-29 04:00:00+00:00,-8.36958
2025-01-29 05:00:00+00:00,-39.11508
2025-01-29 05:00:00+00:00,-4.87585
2025-01-29 05:00:00+00:00,-8.36544
2025-01-29 06:00:00+00:00,-4.69421
2025-01-29 06:00:00+00:00,-8.45104
2025-01-29 06:00:00+00:00,-39.11819
2025-01-29 07:00:00+00:00,-38.73476
2025-01-29 07:00:00+00:00,-4.73968
2025-01-29 07:00:00+00:00,-8.40399
2025-01-29 08:00:00+00:00,-8.30604
2025-01-29 08:00:00+00:00,-39.08779
2025-01-29 08:00:00+00:00,-4.68724
2025-01-29 09:00:00+00:00,-39.55863
2025-01-29 09:00:00+00:00,-4.69225
2025-01-29 09:00:00+00:00,-8.18399
2025-01-29 10:00:00+00:00,-4.77044
2025-01-29 10:00:00+00:00,-47.338
2025-01-29 10:00:00+00:00,-9.0018
2025-01-29 11:00:00+00:00,-4.86684
2025-01-29 11:00:00+00:00,-40.29885
2025-01-29 11:00:00+00:00,-8.35291
2025-01-29 12:00:00+00:00,-8.28637
2025-01-29 12:00:00+00:00,-39.36569
2025-01-29 12:00:00+00:00,-4.8451
2025-01-29 13:00:00+00:00,-40.20704
2025-01-29 13:00:00+00:00,-4.83531
2025-01-29 13:00:00+00:00,-8.32116
2025-01-29 14:00:00+00:00,-4.5345
2025-01-29 14:00:00+00:00,-7.51999
2025-01-29 14:00:00+00:00,-17.17168
2025-01-29 15:00:00+00:00,177.07034
2025-01-29 15:00:00+00:00,2225.8024
2025-01-29 15:00:00+00:00,290.00501
2025-01-29 16:00:00+00:00,1560.95218
2025-01-29 16:00:00+00:00,1209.72829
2025-01-29 16:00:00+00:00,7093.32273
2025-01-29 17:00:00+00:00,1622.14213
2025-01-29 17:00:00+00:00,8778.86146
2025-01-29 17:00:00+00:00,2204.67977
2025-01-29 18:00:00+00:00,9226.32801
2025-01-29 18:00:00+00:00,1564.03139
2025-01-29 18:00:00+00:00,2261.32578
2025-01-29 19:00:00+00:00,2118.64304
2025-01-29 19:00:00+00:00,9306.84849
2025-01-29 19:00:00+00:00,1452.60718
2025-01-29 20:00:00+00:00,1418.23075
2025-01-29 20:00:00+00:00,9284.02565
2025-01-29 20:00:00+00:00,1723.80154
2025-01-29 21:00:00+00:00,9004.20225
2025-01-29 21:00:00+00:00,1349.26571
2025-01-29 21:00:00+00:00,1493.51184
2025-01-29 22:00:00+00:00,8485.01922
2025-01-29 22:00:00+00:00,1521.67784
2025-01-29 22:00:00+00:00,1356.34235
2025-01-29 23:00:00+00:00,6748.03134
2025-01-29 23:00:00+00:00,1189.10195
2025-01-29 23:00:00+00:00,1297.56549
2025-01-30 00:00:00+00:00,2319.90369
2025-01-30 00:00:00+00:00,644.31046
2025-01-30 00:00:00+00:00,710.74714
2025-01-30 01:00:00+00:00,7.63874
2025-01-30 01:00:00+00:00,12.51
2025-01-30 01:00:00+00:00,142.76387
2025-01-30 02:00:00+00:00,-36.40918
2025-01-30 02:00:00+00:00,-8.59026
2025-01-30 02:00:00+00:00,-1.18009
2025-01-30 03:00:00+00:00,-1.06473
2025-01-30 03:00:00+00:00,-8.1921
2025-01-30 03:00:00+00:00,-36.95814
2025-01-30 04:00:00+00:00,-0.89717
2025-01-30 04:00:00+00:00,-37.19144
2025-01-30 04:00:00+00:00,-8.16959
2025-01-30 05:00:00+00:00,-8.16773
2025-01-30 05:00:00+00:00,-0.83202
2025-01-30 05:00:00+00:00,-38.28485
2025-01-30 06:00:00+00:00,-0.84189
2025-01-30 06:00:00+00:00,-8.26258
2025-01-30 06:00:00+00:00,-36.17626
2025-01-30 07:00:00+00:00,-82.35008
2025-01-30 07:00:00+00:00,-0.83966
2025-01-30 07:00:00+00:00,-8.27213
2025-01-30 08:00:00+00:00,-37.61965
2025-01-30 08:00:00+00:00,-8.14956
2025-01-30 08:00:00+00:00,-0.8397
2025-01-30 09:00:00+00:00,-0.82523
2025-01-30 09:00:00+00:00,-8.0504
2025-01-30 09:00:00+00:00,-36.16092
2025-01-30 10:00:00+00:00,-34.67484
2025-01-30 10:00:00+00:00,-1.02006
2025-01-30 10:00:00+00:00,-8.97001
2025-01-30 11:00:00+00:00,-1.05404
2025-01-30 11:00:00+00:00,-34.65501
2025-01-30 11:00:00+00:00,-8.36804
2025-01-30 12:00:00+00:00,-0.94657
2025-01-30 12:00:00+00:00,-34.7223
2025-01-30 12:00:00+00:00,-8.29873
2025-01-30 13:00:00+00:00,-1.00555
2025-01-30 13:00:00+00:00,-35.82996
2025-01-30 13:00:00+00:00,-8.6224
2025-01-30 14:00:00+00:00,-7.51923
2025-01-30 14:00:00+00:00,-0.83415
2025-01-30 14:00:00+00:00,22.2574
2025-01-30 15:00:00+00:00,2952.77229
2025-01-30 15:00:00+00:00,297.74296
2025-01-30 15:00:00+00:00,170.90634
2025-01-30 16:00:00+00:00,1167.80239
2025-01-30 16:00:00+00:00,8409.33393
2025-01-30 16:00:00+00:00,1609.47442
2025-01-30 17:00:00+00:00,1497.79818
2025-01-30 17:00:00+00:00,10304.05753
2025-01-30 17:00:00+00:00,1964.39333
2025-01-30 18:00:00+00:00,10411.87767
2025-01-30 18:00:00+00:00,2044.58657
2025-01-30 18:00:00+00:00,1417.96964
2025-01-30 19:00:00+00:00,1344.35462
2025-01-30 19:00:00+00:00,2223.95319
2025-01-30 19:00:00+00:00,10279.79056
2025-01-30 20:00:00+00:00,2278.82552
2025-01-30 20:00:00+00:00,10042.65677
2025-01-30 20:00:00+00:00,1250.83496
2025-01-30 21:00:00+00:00,9074.88242
2025-01-30 21:00:00+00:00,1918.88504
2025-01-30 21:00:00+00:00,1272.73021
2025-01-30 22:00:00+00:00,8267.01113
2025-01-30 22:00:00+00:00,1553.74717
2025-01-30 22:00:00+00:00,1299.83169
2025-01-30 23:00:00+00:00,6416.67314
2025-01-30 23:00:00+00:00,1231.54413
2025-01-30 23:00:00+00:00,1434.33058
2025-01-31 00:00:00+00:00,720.9009
2025-01-31 00:00:00+00:00,2581.12976
2025-01-31 00:00:00+00:00,573.38023
2025-01-31 01:00:00+00:00,10.61005
2025-01-31 01:00:00+00:00,9.9054
2025-01-31 01:00:00+00:00,99.73268
2025-01-31 02:00:00+00:00,17.7602
2025-01-31 02:00:00+00:00,-8.57381
2025-01-31 02:00:00+00:00,-40.73428
2025-01-31 03:00:00+00:00,-1.22944
2025-01-31 03:00:00+00:00,-9.12248
2025-01-31 03:00:00+00:00,-39.97783
2025-01-31 04:00:00+00:00,-40.56794
2025-01-31 04:00:00+00:00,-1.03952
2025-01-31 04:00:00+00:00,-8.16965
2025-01-31 05:00:00+00:00,-39.06518
2025-01-31 05:00:00+00:00,-1.02325
2025-01-31 05:00:00+00:00,-8.14465
2025-01-31 06:00:00+00:00,-8.24402
2025-01-31 06:00:00+00:00,-40.2446
2025-01-31 06:00:00+00:00,-1.07616
2025-01-31 07:00:00+00:00,-8.27205
2025-01-31 07:00:00+00:00,-40.41353
2025-01-31 07:00:00+00:00,-1.1549
2025-01-31 08:00:00+00:00,-40.38118
2025-01-31 08:00:00+00:00,-1.01448
2025-01-31 08:00:00+00:00,-8.24424
2025-01-31 09:00:00+00:00,-40.96566
2025-01-31 09:00:00+00:00,-1.1484
2025-01-31 09:00:00+00:00,-8.52384
2025-01-31 10:00:00+00:00,-9.22187
2025-01-31 10:00:00+00:00,-1.16541
2025-01-31 10:00:00+00:00,-41.52323
2025-01-31 11:00:00+00:00,-8.40122
2025-01-31 11:00:00+00:00,-41.50374
2025-01-31 11:00:00+00:00,-1.12546
2025-01-31 12:00:00+00:00,-1.04745
2025-01-31 12:00:00+00:00,-41.19162
2025-01-31 12:00:00+00:00,-9.09221
2025-01-31 13:00:00+00:00,-1.08629
2025-01-31 13:00:00+00:00,-42.02374
2025-01-31 13:00:00+00:00,-8.20544
2025-01-31 14:00:00+00:00,-6.87226
2025-01-31 14:00:00+00:00,-1.08622
2025-01-31 14:00:00+00:00,30.22895
2025-01-31 15:00:00+00:00,2624.26436
2025-01-31 15:00:00+00:00,47.84452
2025-01-31 15:00:00+00:00,154.89353
2025-01-31 16:00:00+00:00,729.7414
2025-01-31 16:00:00+00:00,205.18417
2025-01-31 16:00:00+00:00,7171.64283
2025-01-31 17:00:00+00:00,8769.32443
2025-01-31 17:00:00+00:00,409.74855
2025-01-31 17:00:00+00:00,1422.28971
2025-01-31 18:00:00+00:00,1523.20511
2025-01-31 18:00:00+00:00,8329.39881
2025-01-31 18:00:00+00:00,626.6626
2025-01-31 19:00:00+00:00,1773.9001
2025-01-31 19:00:00+00:00,8515.46759
2025-01-31 19:00:00+00:00,922.75026
2025-01-31 20:00:00+00:00,8612.81855
2025-01-31 20:00:00+00:00,1221.89362
2025-01-31 20:00:00+00:00,1994.47348
2025-01-31 21:00:00+00:00,7920.03013
2025-01-31 21:00:00+00:00,2027.62059
2025-01-31 21:00:00+00:00,1021.9163
2025-01-31 22:00:00+00:00,7571.74527
2025-01-31 22:00:00+00:00,661.7282
2025-01-31 22:00:00+00:00,1749.59037
2025-01-31 23:00:00+00:00,5781.32695
2025-01-31 23:00:00+00:00,905.11684
2025-01-31 23:00:00+00:00,274.72532
2025-02-01 00:00:00+00:00,1753.44852
2025-02-01 00:00:00+00:00,151.34939
2025-02-01 00:00:00+00:00,218.89454
2025-02-01 01:00:00+00:00,-22.98253
2025-02-01 01:00:00+00:00,13.1257
2025-02-01 01:00:00+00:00,2.1336
2025-02-01 02:00:00+00:00,-6.98546
2025-02-01 02:00:00+00:00,-43.14488
2025-02-01 02:00:00+00:00,-4.80845
2025-02-01 03:00:00+00:00,-6.64021
2025-02-01 03:00:00+00:00,-41.69937
2025-02-01 03:00:00+00:00,-4.60417
2025-02-01 04:00:00+00:00,-40.78999
2025-02-01 04:00:00+00:00,-6.67406
2025-02-01 04:00:00+00:00,-4.56611
2025-02-01 05:00:00+00:00,-4.44388
2025-02-01 05:00:00+00:00,-6.81467
2025-02-01 05:00:00+00:00,-45.98016
2025-02-01 06:00:00+00:00,-4.51406
2025-02-01 06:00:00+00:00,-40.69735
2025-02-01 06:00:00+00:00,-8.33575
2025-02-01 07:00:00+00:00,-39.65138
2025-02-01 07:00:00+00:00,-4.50792
2025-02-01 07:00:00+00:00,-8.39889
